customer_id,signup_date,region,channel,annual_spend_usd,avg_basket_items,visit_freq_month,discount_rate_pct,return_rate_pct,loyalty_score,satisfaction_score,avg_order_value_usd
C0001,07/08/2024,North,App,"$1,987.79",12.703750757333431,8.64,7.4,2.6%,77.88303874915744,88.72322673819761,$34.80
C0002,06/04/2024,West,Store,"4,699.80 $",16.08227033361976,9.92,8.9,0.6,100.0,87.89630867088088,$125.87
C0003,2024-10-08,North,Store,$725.29,3.6274732814177666,1.34,16.0%,3.4,37.414272727587516,61.11461896338605,$133.57
C0004,2024-08-21,South,Web,"$4,466.65",16.137135330093418,10.37,16.4%,3.6,100.0,86.28856085992676,$75.75
C0005,2024-10-16,North,Web,"USD 1,988",10.591628202837514,7.65,13.1%,4.9%,73.76263930166186,78.94661375845074,$65.62
C0006,11/11/2024,East,App,"USD 2,561",10.80005628136324,,5.0,2.3,94.96732705298353,81.00909269758942,USD 153
C0007,01-04-2023,North,Web,"USD 3,903",16.5015242857434,7.98,6.4,5.3,93.69811411435983,95.39922017223664,$136.67
C0008,2023-04-29,East,Store,"USD 2,251",11.26779054926217,7.21,15.6,0.0,72.77658399483468,82.54054429992823,USD 58
C0009,02-18-2024,South,App,"USD 1,207",4.221995157378522,1.18,23.6%,12.9,45.807390959073174,53.514004962270754,USD 228
C0010,08-23-2024,South,App,870.21 $,4.1816559197695575,3.94,24.3,8.6%,43.8321432193396,52.885444894620505,$45.40
C0011,26/09/2024,East,App,"USD 1,482",3.781916199060823,2.45,29.3,14.5%,71.78623116163669,73.60891758880085,$137.60
C0012,07-20-2024,North,Store,"$1,158.22",6.9281785484712275,4.06,28.6,9.3,55.044102624384514,72.47525375356567,USD 68
C0013,"Oct 06, 2024",West,Store,"USD 2,119",10.143780202006548,6.4,4.6,4.8,76.19772876753531,89.49642452457118,USD 71
C0014,27/06/2023,East,App,"$3,535.23",16.004441357515507,8.27,3.6,1.2,87.55013778345094,85.0658655213594,$98.56
C0015,28/08/2024,West,Web,"$2,601.73",9.748687009018447,6.9,9.5%,3.8,60.77630781560083,88.6992204988265,$91.51
C0016,04/08/2023,North,App,"1,917.66 $",8.667270932622475,7.65,6.1,5.4%,74.99229116315372,98.72684314209829,64.26 $
C0017,"Feb 04, 2023",West,Store,$550.21,4.445712230062569,4.49,18.0,4.3%,57.136573526519555,80.09392553821132,USD 30
C0018,2024-11-29,North,Web,"USD 2,954",13.347957622911823,6.29,16.1,5.2%,76.53144434797524,85.93109709292754,107.41 $
C0019,"Feb 18, 2024",North,Store,$599.07,3.28757438308721,3.49,20.6,7.1,40.630552494003595,62.828461700802904,USD 44
C0020,22/09/2023,North,Store,$565.58,4.716210506650425,2.92,14.9%,4.9,55.851173547315646,58.01514173370114,$68.09
C0021,"Oct 02, 2023",West,Store,"USD 1,218",,0.76,31.8,13.1,64.15625346040646,57.1076447869109,$416.02
C0022,07-30-2023,East,App,"$2,893.10",15.451621612816403,6.18,3.4,6.2%,87.39126999912115,81.7697277456277,$145.52
C0023,2024-06-24,East,App,"USD 2,275",10.34771060793772,6.45,11.1%,2.7,76.64181021654909,88.5594101690002,$87.90
C0024,2024-06-09,South,Web,"$4,170.15",13.84629397145972,9.22,0.6,3.3,73.88072656389238,96.87908493993623,$119.01
C0025,2023-09-26,North,App,"$3,671.37",20.165624543211926,9.55,1.7,3.6%,88.29280662242668,98.82438856461772,$104.49
C0026,2023-04-08,North,Web,"USD 1,501",10.671762348512274, 3.2 ,28.1,12.5%,49.13984601833522,69.77346898089877,$96.50
C0027,23/08/2023,South,Store,"USD 1,121",8.102737541783572,1.08,28.1,9.5,76.99277607291812,82.31030180097989,$278.24
C0028,19/12/2023,South,Web,$666.05,4.393912740519587, 2.2 ,18.9,5.1,41.30048005780802,67.57816677314365,75.42 $
C0029,08-10-2024,North,Store,USD 525,4.611071217589361,1.97,23.7,9.9,34.5327420036217,66.99324859921079,$79.91
C0030,19/09/2023,West,Store,"USD 5,315",18.547980055424187,10.68,0.0%,1.6,91.52208225752541,92.90044867385214,126.06 $
C0031,2023-12-27,West,App,"$2,161.75",11.86069156097195,3.79,17.4,3.0%,64.21407048322965,88.1678952606402,$115.32
C0032,02-02-2024,East,App,USD 669,6.4203264443622325,4.34,16.0%,5.5%,45.29863505277423,52.38591340284775,51.20 $
C0033,2023-04-17,East,App,"$1,592.30",9.387083278472023,,30.7,14.6,66.76491726429839,61.38505511382947,$298.86
C0034,2024-03-16,South,App,"$1,306.02",,3.06,25.6,11.7%,87.99063564499653,67.30398003872324,USD 122
C0035,"Nov 09, 2023",North,Store,"$1,093.11",7.942289345057772,2.48,31.8,16.2%,60.09865607453873,73.50412423642425,90.43 $
C0036,2024-04-12,North,App,"$4,172.57",15.956853069486309,9.23,4.3%,2.6%,84.50013409461026,100.0,USD 96
C0037,2024-06-25,North,Store,$736.31,4.563143971032579,4.33,18.8%,6.0%,30.607873924102677,70.62981974234363,USD 54
C0038,"Nov 12, 2023",East,App,"$1,207.46",4.880290881010296,3.47,29.3%,11.3,51.90821778617424,68.96063550960301,85.68 $
C0039,2023-09-21,West,Store,"USD 2,152",9.156869009107961,6.29,6.0,4.2,82.26056627623441,88.61044888529528,$94.36
C0040,2024-10-09,South,Store,USD 507,4.910199236715509,3.84,19.4,3.5%,33.726825866697865,50.89337465437236,$69.66
C0041,07-03-2024,East,Store,"$1,736.94",8.88413352114937,3.85,25.9%,13.5,88.78183247238499,67.97600247721351,$121.76
C0042,2024-09-02,South,App,"4,508.47 $",19.41633859386926,8.13,0.0,3.1,90.4102975876571,100.0,USD 154
C0043,06-13-2024,North,App,"$1,569.72",7.548695242527779,2.2,31.2,11.4,39.68970615845274,77.56745602750938,$153.55
C0044,2024-11-12,West,App,USD 567,4.571934041249289,1.59,20.5,6.1%,45.695429395117536,69.71055829536334,USD 112
C0045,2024-09-29,South,App,"$4,563.84",14.432632338160978,9.24,5.2,3.2,82.27513937605426,83.97318059449941,USD 140
C0046,22/11/2023,South,Store,"$2,645.16",10.760146050983046,6.14,13.2%,4.0,72.7310447987268,84.578626813186,USD 68
C0047,15/11/2024,West,App,"1,806.27 $",11.339411509698172,6.79,7.4,3.7%,84.90491814578189,91.53323781027714,$51.61
C0048,06-16-2024,East,Web,"USD 1,296",5.707834105796914,1.74,26.6%,10.0,78.20067069806052,64.05484020237346,$193.47
C0049,"Jul 17, 2024",North,Store,$558.73,2.7959832827448223, 4.6 ,17.7%,6.2%,47.003602305550295,70.83175620727361,45.49 $
C0050,11/11/2023,West,Store,"USD 4,316",17.43395694969743,8.26,0.0%,2.5,77.28668172464131,100.0,$161.88
C0051,18/10/2023,South,Store,"$1,782.11",4.105523528501374,1.29,24.5%,10.1,59.34071879695372,69.36784992869191,$382.77
C0052,2023-07-23,West,Web,"$4,517.54",16.752379975903683,8.32,0.0%,1.3,84.20722675456975,95.35081652455477,$102.12
C0053,02-24-2023,East,Store,$486.88,5.5728187649321965,2.59,14.6,3.3,44.07522187602993,56.90931246188264,$34.77
C0054,2024-04-20,East,App,"USD 4,313",14.088033960614887,8.84,6.8,5.1,95.83276956562949,91.46680663539911,$99.13
C0055,11-20-2024,South,Store,USD 524,6.7446498441877445,4.27,13.2,6.9,43.87926851453468,76.19392552578906,$47.42
C0056,"Nov 21, 2024",East,Store,$500.89,4.742479710128101,3.20,18.7%,6.6,35.930596709351505,49.02704165695537,31.81 $
C0057,10-22-2023,North,Web,"$5,815.83",18.976909576081876,8.83,0.0%,0.4%,91.61196075306876,97.48544171341854,USD 159
C0058,2024-08-10,West,Web,"USD 5,006",13.803198705299758,9.16,6.8,4.9,91.96137993038175,82.29512175071515,125.08 $
C0059,2024-05-17,North,Store,"$4,345.42",17.870113753256213, 8.0 ,0.0,6.1%,89.8218210067057,100.0,$144.07
C0060,2023-07-28,West,App,"$2,933.58",10.233770158927442,4.58,13.0%,3.7%,80.77593005016777,65.1944164932305,USD 169
C0061,"Mar 15, 2024",West,Web,695.68 $,1.8983888400251874,1.14,16.0,9.3,61.15652273086385,57.742022326870064,USD 173
C0062,06-16-2023,West,Store,$638.27,3.7656149918420727,3.80,22.8,11.4,54.15196112090585,44.81696186113981,USD 20
C0063,"Oct 26, 2024",South,App,,6.755256709566584,2.14,27.8%,11.7,67.15714592860903,78.21652711705254,USD 115
C0064,17/07/2024,East,Web,"$1,143.93",6.896393446063717,2.07,26.4,10.1,67.44921277003172,73.93027175157005,$157.25
C0065,"Apr 26, 2024",East,App,"$3,508.26",15.273356190819523,8.45,7.6,2.7,76.54541273647607,90.6298292847219,$112.16
C0066,"May 29, 2024",North,Store,"USD 2,427",10.27937866504397,6.17,9.6%,5.5,96.23288846501279,94.897209094436,110.83 $
C0067,11/11/2024,East,Web,$571.16,6.956769386167336,0.5,19.2,2.0%,44.961298201578316,71.27181481416066,$552.94
C0068,2024-09-22,North,Store,"$1,652.36",7.847580997867427,3.76,24.4%,14.3,75.00624199785699,72.48125251600455,$115.62
C0069,2023-12-01,East,App,"3,633.89 $",19.31204530268504,9.74,5.7,5.6%,97.25452496225333,95.22154160631034,USD 83
C0070,"Apr 17, 2023",South,App,"$4,104.40",14.1214558291244,7.3,7.0%,2.8%,88.8475440124556,94.14364983724147,$147.65
C0071,2024-11-01,North,Store,$592.76,4.116050305038414,2.88,16.4,4.7,41.657394315029826,63.64487590817368,$92.80
C0072,21/09/2024,North,Web,"$1,768.71",13.703042198253762,6.17,10.6,6.6%,87.87677142940144,73.55698433587301,$82.81
C0073,"Mar 04, 2024",North,Store,"$4,315.20",18.251266764586838,9.29,4.4,5.4,72.55953420151359,86.96857945113145,$96.99
C0074,"Nov 12, 2023",West,Web,"2,336.04 $",10.166255062800273, 6.0 ,2.6,3.9,81.08304909523642,79.8255302619221,$83.71
C0075,31/05/2023,North,Web,"$1,344.00",7.659157388080885,2.2,25.8%,10.2,73.42127790636509,56.09698844185819,$158.75
C0076,2023-07-19,West,Store,$430.83,2.9004567677664546,3.98,14.9%,7.8%,51.69728695445833,66.05568580278185,$42.28
C0077,2024-11-11,West,App,"USD 1,459",4.853984122922184,4.16,25.5%,11.9,47.74874042121281,70.56066154219674,$72.89
C0078,2023-09-08,South,App,,14.224534456660663,9.45,6.1,3.9,77.79347679007859,97.23618545776459,154.22 $
C0079,2023-05-14,North,App,"4,081.04 $",18.093185778237007,8.18,7.5%,3.8%,73.89971569098414,71.63164664524155,$122.40
C0080,2024-12-26,West,Web,"USD 4,244",16.153744053849504,7.64,4.6,1.8,76.97280323600631,89.15708320039927,$160.00
C0081,07/10/2024,West,Store,"$1,376.58",5.133284909799378,0.92,30.2,10.9,69.13570937795153,70.17715789375153,USD 357
C0082,2024-11-28,North,Store,$579.62,3.196077774010848,2.34,14.3%,3.6%,32.07515312193804,64.95665754856205,$84.15
C0083,2024-02-11,East,Web,"$1,512.52",9.862733687504297,2.31,26.4,12.8,58.97576817393089,70.11425949203375,USD 189
C0084,2023-03-03,West,Web,$494.03,4.728957677794009,2.33,14.6,5.6,40.53446746014934,64.60103416060706,$69.16
C0085,03/11/2024,South,Store,"$2,516.87",17.420669168448068,9.71,2.1%,2.5%,80.18228010774232,96.26325666959154,$20.00
C0086,"Aug 19, 2023",South,App,$620.35,7.208671544151215,4.19,21.0,6.5,37.33938300223214,70.528890428128,$49.47
C0087,"Jul 28, 2024",South,App,"3,724.72 $",18.839082109881375,10.25,12.3%,1.4%,84.40143501120096,99.67892888568582,USD 95
C0088,2024-06-09,South,Web,560.11 $,4.973158729905831,,16.1,2.7,61.3110417004912,63.04289708793495,23.85 $
C0089,19/12/2024,North,App,"$2,712.69",10.68692435270435,5.73,6.6%,4.7%,85.88191618514618,87.52886438521664,USD 132
C0090,2023-01-26,East,App,"$2,227.05",,7.63,11.4,3.9,73.93108469251267,75.78527289694435,USD 42
C0091,12-02-2024,West,App,"1,179.92 $",9.744312101633462,3.51,28.4%,14.1,56.521581814637265,70.82535341655257,$121.40
C0092,01-27-2023,South,App,USD 680,7.098213725421346,2.94,16.4,9.9%,42.657036074492424,53.216870779909,$62.16
C0093,23/04/2023,North,App,"$2,851.02",7.471619745660462,6.05,15.9%,3.4,92.31814701279079,88.1693841197681,USD 128
C0094,"Feb 02, 2023",West,Store,$563.36,5.403555603547392,3.35,11.0%,8.7%,48.62830595294255,61.78107678159348,$57.15
C0095,"Jun 12, 2023",East,Store,621.75 $,6.458519166506562,2.25,17.4,7.0,36.89280997581589,58.31699434645876,$70.67
C0096,"Sep 25, 2024",North,Store,"USD 2,847",11.735847797969146,7.53,17.5%,4.6,83.62217178154236,88.97053227171284,$56.99
C0097,2024-11-30,North,Web,694.69 $,4.661643555008201,4.1,15.7%,5.9,63.0070040875317,53.36341106712425,$43.11
C0098,2023-09-01,West,Store,"$1,200.47",8.284251397353785,1.53,22.5,13.2,47.058294037187096,71.28856399410121,$197.91
C0099,"May 15, 2024",North,App,"USD 2,395",11.907854698338534,5.95,9.4%,1.3,76.01895220901989,71.09677382811708,USD 101
C0100,08-21-2023,South,Web,"USD 1,615",6.848811173593696,3.51,29.5%,9.8,34.29323502713313,76.10235983958599,$123.90
C0101,2024-10-14,West,App,"USD 1,523",5.908044024846417,3.33,20.4,11.6,58.70977167267315,73.71595362043622,$123.06
C0102,02/08/2024,South,Web,"$2,131.30",13.565010605608997,6.19,13.7,4.1,75.82559266884567,88.29457224300523,USD 96
C0103,01/01/2024,South,Store,"3,791.57 $",17.897614572216014,9.13,1.5,0.9,90.81257572417651,86.44123058141811,76.63 $
C0104,2023-08-21,West,Store,"$1,329.12",4.994457301239611,1.94,34.3%,10.5,54.9592899793661,84.28394227686599,USD 178
C0105,"Apr 12, 2023",East,Web,"$4,447.52",14.669426235845584,8.99,1.2%,0.0,100.0,89.34643823930367,USD 142
C0106,2024-06-23,North,App,"$2,442.48",10.408122293416348,7.47,12.0,3.3,94.64859168662886,87.67264950845515,USD 91
C0107,2024-02-23,North,Store,958.37 $,7.7929298502148745,1.57,28.8,11.5%,60.3181086176797,70.52351133738362,$151.61
C0108,2023-09-27,East,Web,$395.02,,3.57,11.3,9.8,37.85604254268286,65.57673795182802,36.14 $
C0109,10-13-2024,North,App,"$3,161.32",16.93856094003301,8.75,5.4,2.5,81.57936734576825,84.88184385643538,$108.06
C0110,"Aug 06, 2023",North,App,637.79 $,4.83357086809468,3.42,20.4%,4.9,48.36165365463779,75.33887234672362,25.16 $
C0111,"Feb 01, 2023",North,App,USD 814,2.6152612877969075,3.01,22.2%,4.3,43.63987723415862,57.016217981407145,$40.90
C0112,10-10-2023,East,Web,556.97 $,5.277301513986837,3.68,23.4,3.5%,51.1125417903792,57.65122843867876,$20.00
C0113,2024-01-05,North,Store,USD 633,3.135808281805313,4.60,19.8,5.9,39.580407269708175,64.91541792850745,$26.62
C0114,2023/03/05,West,Web,"$1,443.59",6.480154342706541,1.03,30.4,10.0,56.938038994751686,67.90081694589179,USD 337
C0115,2023-06-14,West,Web,"$1,647.85",5.998714175311823,3.46,33.8,10.3,50.667924202147546,74.55401136085875,122.77 $
C0116,2023-02-24,North,Web,$423.36,5.909120005740517,4.43,14.8%,4.3%,47.08204404510693,65.23317692046646,USD 35
C0117,"Dec 02, 2024",South,App,"$3,026.52",10.160529718625256,7.75,1.1%,4.7,73.03096422807903,76.44946219966691,USD 117
C0118,"Sep 27, 2024",South,Store,"USD 2,678",9.185206499341643,5.89,8.9,3.3,84.34275335707058,75.611707894587,USD 133
C0119,21/12/2023,West,Store,"$1,024.91",2.9872366066337577,2.44,24.8,12.2,47.527048060129374,68.01851801829834,$103.90
C0120,25/09/2024,North,Store,"USD 2,525",12.635251694966659,5.72,13.2,4.3,73.86656099588701,77.09913826977994,139.20 $
C0121,"Oct 17, 2024",North,Web,"1,317.27 $",7.011484831281058,1.98,21.9%,12.3,56.41348795778274,66.06567477300527,$185.48
C0122,12-03-2023,East,Web,"$4,322.57",18.407044649849073,9.61,8.3,0.0%,92.94548404918953,92.91378163645213,$126.06
C0123,08-29-2024,East,App,"1,533.03 $",9.706681316340363,2.76,22.1%,12.1,64.43786254920607,71.60035181144094,USD 177
C0124,"May 17, 2024",East,Store,"$2,131.90",12.117343384463338,5.72,5.4,2.4,90.03335495726253,85.70860237803645,86.77 $
C0125,2024-07-04,East,Web,"USD 1,988",12.413082539601502,6.75,0.9%,1.7,80.68929817125458,87.44235896529496,$68.19
C0126,"Sep 21, 2024",East,App,"USD 1,624",11.957434302237909,6.36,9.9%,2.7,86.3467489325496,67.99230791341085,$46.99
C0127,2023-07-12,North,Store,$663.56,3.8476160798457597,4.46,20.0,4.5,56.1693354898365,61.530537152040296,USD 49
C0128,10-13-2023,North,Store,679.08 $,5.223780327915264,2.29,14.2%,7.4,62.765626648678364,56.47460723449225,USD 88
C0129,2024-02-01,North,App,"USD 2,707",13.742742602957847,6.61,12.6%,4.6,88.43108974787455,76.83934532820615,$115.96
C0130,06-03-2024,East,Store,"USD 2,419",,5.79,9.1%,2.2,93.12781865402361,89.18908919517489,$97.28
C0131,2024-04-30,West,App,"2,630.26 $",10.189710123977845,6.81,12.8%,6.8,76.7411696248613,80.44873278071107,USD 143
C0132,04-Jul-2024,North,App,"USD 1,100",7.9078203665184,3.66,31.6,13.7,58.95446860542298,76.23749521174227,USD 64
C0133,2024-06-16,North,Store,"$3,756.73",20.36354007349327,7.38,6.3%,1.1%,76.1875012597705,91.032565294957,$97.29
C0134,26/02/2023,North,App,"$1,284.70",7.845146975099159,1.7,30.3,9.1,60.296742881288296,67.38973587910863,232.40 $
C0135,06-Sep-2023,North,Store,"USD 3,802",15.022499321760154, 9.8 ,11.6,2.3,95.26039511453052,87.67587883868151,$105.47
C0136,2023-04-11,South,Web,"1,124.40 $",8.608905999619024,0.62,28.1,11.3%,48.89994139235215,68.43832259372574,$459.28
C0137,12-19-2024,North,Web,"USD 1,694",6.210763244253974,3.55,27.5%,10.9,57.45311013492466,90.19732614642152,$150.73
C0138,07-01-2024,East,App,"$5,052.46",17.99783222365513,9.09,4.2%,0.9,95.55992391520567,97.74593108776457,USD 184
C0139,2024-01-07,West,Web,"1,293.57 $",9.141943133773493,2.41,25.1,8.6,65.18499733615373,69.15175033602902,USD 157
C0140,2024-05-30,North,App,"$2,095.95",11.878707224139555,6.92,15.0,3.7%,68.87057462506681,77.10988497959801,USD 92
C0141,2023-03-27,East,Web,USD 512,5.240035671272719,3.22,20.8%,3.1%,37.32802600445781,74.10442176247501,USD 32
C0142,"May 16, 2023",North,Web,"$1,753.42",9.171275743219384,6.87,7.0,8.1,63.018172232989215,70.40352942150227,$55.96
C0143,"Apr 22, 2024",East,Store,USD 554,5.877803452351288,1.58,21.0%,7.3,57.333755223109804,63.491642703042764,USD 98
C0144,2024-08-26,West,Web,$554.56,5.911554557652454,2.42,21.1%,5.4%,38.40840663533895,57.18277462336429,$86.46
C0145,"May 24, 2024",East,App,"USD 2,671",9.28944207957376,6.02,7.7%,8.5,71.1669704992719,78.87355973305057,$102.86
C0146,07/08/2024,West,Store,"3,081.10 $",17.745500355178702, 10.9 ,0.0%,4.1,95.63391827387306,91.04169422954216,USD 66
C0147,2023-10-20,South,Web,"USD 2,257",10.639959407439047,7.72,0.0,3.9,83.90444176677146,89.00112074087099,USD 85
C0148,"Aug 31, 2023",West,Store,"USD 1,537",8.305897621362018, 1.0 ,24.5,16.2,55.26009702052667,67.52267323919015,$352.14
C0149,08/01/2024,South,Store,"$1,157.27",,1.67,25.2%,14.7%,62.6960397290101,71.60709694114946,USD 193
C0150,09-06-2023,South,App,$377.59,6.245603663154212,2.79,18.0,3.8,51.19097830392077,66.38056060636579,$37.43
C0151,"Jun 13, 2023",South,Web,"$4,173.45",15.575868458115366,9.39,9.5,1.5,86.18277487242521,85.2005166418692,$131.79
C0152,2023-03-22,West,Store,"$2,403.07",9.412171445797304,6.91,9.0,4.4%,90.44040129636323,82.00799828004061,$101.41
C0153,"Aug 26, 2024",West,Store,"USD 2,459",10.596226643328546,6.00,16.4%,3.0%,90.71819574478714,80.48146425033393,$103.43
C0154,22/11/2023,East,Web,"USD 4,394",17.415992521009397,8.94,3.7%,1.8%,100.0,100.0,USD 109
C0155,23/10/2023,South,Web,$703.07,6.191084906142168,3.13,14.4,7.6,51.31879250014731,60.85051068376641,$71.27
C0156,2023-03-22,North,App,"USD 1,081",7.218873437194278,4.18,28.3,14.3%,57.82462051480637,65.2515092857276,USD 85
C0157,"Dec 06, 2024",South,Web,USD 706,3.638000359377351,0.5,18.7%,3.7,31.0019368551616,51.697484193904515,368.64 $
C0158,2024-02-01,West,Web,"$3,286.62",8.951791466699342,6.50,4.4%,2.0%,78.73100207279056,86.97297581682898,$100.88
C0159,05/03/2024,West,App,704.07 $,4.919982034965334,3.91,20.6,5.4%,49.825084101755266,52.631400466655535,20.00 $
C0160,03-31-2024,South,Store,"$3,637.96",15.98807640218715,10.67,5.2,3.0%,77.52893041624239,90.44429534975394,$97.18
C0161,2023-04-06,West,Store,"USD 2,543",12.78965460645685,7.33,9.4,5.7%,96.07400998140845,86.14317831399885,$62.38
C0162,2024-02-29,North,Store,"$6,160.41",18.28519197987822,7.89,4.2%,5.9%,76.36411611795093,86.53750895853265,USD 195
C0163,2024-04-18,South,Web,"$1,329.16",4.588778889535278,1.91,25.3%,11.4%,54.89581805354153,67.89226137385074,$166.48
C0164,22/02/2023,South,App,"USD 1,507",8.605614922977365,1.33,29.0,13.5%,55.1382228390264,71.1316097759438,$278.45
C0165,2024-06-29,North,Web,"$1,402.96",6.143875497164158,1.74,26.6%,13.9,67.20291950139568,69.57814997089906,$218.05
C0166,29/03/2024,South,App,"$1,583.68",10.904993953212859,6.33,10.0,4.1,89.92406003088314,77.37719235941223,USD 47
C0167,"Sep 30, 2024",North,App,"2,258.08 $",,5.62,8.3,3.8%,79.6015362865806,82.19730551199979,$122.73
C0168,"Jul 03, 2024",West,Store,"USD 3,662",18.259250127389045,9.14,8.4%,3.1,100.0,94.80531772540806,USD 84
C0169,2023-09-12,South,Store,$678.20,6.593815357287189,,17.1%,4.6%,60.76239225482351,69.63493934829566,20.00 $
C0170,2023-04-14,North,Store,"$3,899.47",19.843190311767056,7.85,0.2%,7.9,83.08770483163356,88.2508521703776,146.86 $
C0171,16/09/2024,East,Store,"$1,355.71",9.383839478877878,0.88,24.2,11.7%,67.07993892250757,63.491399118614574,$394.87
C0172,2024-03-10,West,App,"USD 2,950",10.598993654974183,9.46,11.6%,6.3,85.42040150245558,73.10803782487255,USD 47
C0173,07-08-2024,North,Store,,6.4279174939158334,1.58,33.3%,13.6,59.747784516673434,71.92852432018158,$166.92
C0174,20-Aug-2024,South,Web,"$3,074.34",9.86460764044219,,15.2,5.3,68.45147380412934,88.22657743226941,129.27 $
C0175,10/03/2024,East,Store,"USD 2,667",12.734972368625337,6.98,11.5%,3.8%,92.99421203801298,78.56462519787249,$133.76
C0176,2023-05-22,West,App,"USD 2,342",14.587106843831084,7.65,14.9,10.6%,80.05548584026499,88.06804366717289,USD 52
C0177,2023-12-31,North,Store,$647.50,6.21780143011853,3.31,9.1,6.8,56.33716124782133,73.08455095594303,USD 30
C0178,2024-10-28,North,Store,"USD 2,127",8.25559453232227,5.82,17.2,1.9,59.3211951392408,82.07789442190843,81.25 $
C0179,"May 23, 2023",East,Web,"4,062.55 $",15.569017805995092,8.02,6.7%,3.2%,87.43443475177925,93.60952723398516,USD 110
C0180,12-10-2024,West,App,"$2,909.86",7.771093367088196,6.14,12.0%,2.8%,78.86113591515812,88.77313066619057,USD 128
C0181,"Apr 13, 2023",West,Store,USD 637,8.102072276293466,2.71,34.0,12.1%,46.47590161847566,75.4806258549795,32.27 $
C0182,2024-06-03,North,App,"USD 2,734",12.540935651101499,6.07,6.7%,3.9,72.13891985857889,90.63298426963968,USD 120
C0183,2024-03-19,South,App,USD 506,3.9640015046482144,3.48,19.8%,5.3%,27.71886888680818,79.83885037331555,$37.96
C0184,28/09/2024,South,Web,"$3,606.27",19.385053438873587,9.33,5.0%,0.9%,86.90251433272503,87.21908493372995,$46.31
C0185,06/07/2023,North,App,$647.10,4.402559894795272,2.02,15.2%,10.9%,48.90325935802995,52.5399195251212,$97.85
C0186,18/07/2023,North,App,"$2,339.08",10.695556854850668,6.71,9.0,1.1%,67.81101302637302,83.99363014889528,$54.72
C0187,05-23-2023,South,Web,"4,751.11 $",17.259301773754565,8.69,3.6,3.8,97.35706909696715,82.34666827634811,USD 106
C0188,04-30-2024,South,App,USD 513,6.409558198597335,3.98,24.9,6.1%,46.46396414378223,57.74671601712499,21.48 $
C0189,07-20-2023,East,App,"4,518.59 $",13.500560628295753,9.49,5.0,1.8,89.28746972768828,96.2479774960822,$121.62
C0190,2024-11-07,West,App,"$1,146.96",7.767919236912284,3.75,24.0%,13.1%,49.25395391039705,65.99583565243213,60.69 $
C0191,28/07/2023,East,App,"USD 4,579",17.02935574896545, 7.0 ,12.8%,1.8%,85.16412907214425,91.39377608271406,$145.30
C0192,02-02-2023,South,App,"USD 1,088",7.133797908450527,3.76,23.3%,8.8%,56.45673609604428,70.6867178952342,USD 85
C0193,"Jul 09, 2023",East,Store,"USD 2,774",12.184188205812822,8.0,5.5%,5.1%,87.9312538428882,70.8863705297424,USD 107
C0194,2024-08-22,South,Web,"1,421.86 $",8.23179025353062,2.22,21.4,10.1,55.98461390776809,61.86627873325119,$180.59
C0195,05-13-2023,North,App,USD 405,5.638026518097243, 2.3 ,24.7,2.5,48.02630199082722,58.98601689406898,$36.91
C0196,22/06/2023,East,App,"$2,020.60",13.341576157367648,5.82,13.5%,0.5%,74.53161135837891,81.80177297087916,USD 80
C0197,2023-04-09,North,Store,"$2,382.84",11.996387391463836,6.51,8.4,0.9%,75.07860961027167,79.93778624602064,$76.63
C0198,2024-08-07,West,Store,"USD 2,565",10.527073648578343,5.64,9.0,3.3,61.33585575064696,81.3989348087138,$79.87
C0199,02/05/2024,East,Web,$527.85,6.143742992675445,2.67,20.3%,8.8,45.955442454511704,64.48809008734325,$35.17
C0200,"Apr 13, 2024",West,Web,USD 604,3.03873810584704,2.04,14.9,6.2,55.656786189418256,51.21274610362299,$66.29
C0201,2023-09-08,North,Web,"USD 1,247",6.040250199484743,3.22,22.9%,13.0,40.95929174051068,81.96754739006235,95.38 $
C0202,"Aug 08, 2024",East,Web,"$2,321.93",11.09125506766861,5.74,15.2%,3.3,78.65014294186413,85.79379029758859,USD 128
C0203,21/05/2023,East,App,"$4,402.33",17.99950797999834, 7.1 ,10.1,2.7,80.5470926114569,89.63037888543772,USD 115
C0204,10-20-2023,North,App,"USD 1,613",6.826812721310576,2.88,26.6%,13.7,53.830397764362885,71.10607346339516,$133.15
C0205,05-27-2023,North,Web,"USD 3,700",18.946647240941704,12.18,4.0,1.5,93.1915750148628,93.33546796007974,USD 65
C0206,2023-11-25,West,App,"USD 1,519",7.097518105180317,2.62,32.4,9.2,49.897009386735064,68.5982758883699,$115.33
C0207,2023-10-19,West,Store,"$1,199.18",7.550356648525167,4.01,27.8,10.5,48.65848868056131,69.62824632687182,$63.18
C0208,11-05-2024,North,Store,"$1,030.99",9.419386327109915,6.85,20.4%,0.0%,73.57039402873838,92.43626709834109,USD 24
C0209,2024/03/01,East,App,"USD 4,708",15.131319819234221,9.02,0.0%,5.0,94.05279610799167,89.74499425000461,$131.18
C0210,02-22-2023,West,Store,$616.96,5.623683156169267,2.93,15.3%,5.2,40.41479115489937,65.17921086590168,$55.71
C0211,2023-06-16,North,Store,608.15 $,3.9303031081653703,3.10,16.0%,4.3%,46.61556615958387,73.1389959619593,$31.72
C0212,2023-04-25,West,Web,"$4,391.55",19.210041769799293,8.35,4.4,1.4%,79.19827612036323,86.64352351396445,$108.98
C0213,2024-04-08,South,Store,"$1,175.90",5.77879115718689,3.81,26.9%,14.9,28.841528232557465,66.68502050695248,$56.42
C0214,"Dec 11, 2024",East,App,"$1,547.27",6.661871991561306,3.41,22.8,12.5%,56.19053665431998,55.908754838318785,$130.92
C0215,2023/06/02,West,Store,"$1,114.83",7.254330040879631,3.09,27.9%,11.0,63.81332917347025,69.31900511418546,$81.39
C0216,28/10/2024,South,Web,"$1,215.49",8.498865814742159,4.22,25.6%,11.7,48.426157460503646,58.56279496391333,$94.37
C0217,07/11/2024,East,App,$451.95,3.887115583998174,3.46,20.1%,6.4,48.92138642046324,63.407584368451836,52.42 $
C0218,"Apr 18, 2023",East,Web,$586.19,3.2258935109685325,2.5,16.5%,8.8,29.359653139575297,56.306826974822904,37.72 $
C0219,02-10-2023,West,App,$866.04,3.473481281258007,2.79,20.5%,14.1%,68.3586597157796,59.86510729824894,70.33 $
C0220,2024-12-11,North,Store,"$1,002.99",5.86010299355806,2.42,29.1%,8.2,59.97322599899965,66.89075605962284,USD 97
C0221,01/11/2024,East,Web,USD 764,4.143861425832153,,10.6,5.1,51.405523435149846,60.967057649486215,$74.82
C0222,"Jul 13, 2023",West,App,"$4,673.56",18.237359548597556,7.02,3.9,0.0,87.89234985141572,86.02546606953487,USD 154
C0223,2023-04-30,North,App,766.40 $,5.5805441187533384,4.12,20.8,9.3,42.4590038951604,60.172327445085784,$44.58
C0224,2024-10-13,West,App,"$2,409.79",13.330710909643033,7.42,7.8%,7.5%,82.7947667381592,94.12390780814921,$93.29
C0225,2024-05-17,South,App,$753.17,3.8083533658621898,3.08,22.9%,5.3,46.19398453641828,62.058040207803465,$64.33
C0226,10-22-2024,East,Store,"1,177.35 $",10.511267637617255,0.55,25.1%,13.6,39.58976440951221,61.967589386663974,$522.68
C0227,"Mar 30, 2023",East,App,668.26 $,3.9292156922104264,3.01,12.9,3.1%,40.31532348803481,52.36676886268353,USD 52
C0228,2023-01-18,West,App,764.93 $,7.411120275224798,1.90,14.6,9.4,44.44695494515024,59.29432931408891,$122.28
C0229,2024-02-27,South,App,USD 567,, 2.9 ,21.7%,8.1,61.14897997223563,56.418111149618255,USD 42
C0230,08/01/2023,East,App,,5.269824499325954, 4.3 ,16.1,9.8,46.81092422368778,68.15958893071776,26.97 $
C0231,2023-07-06,South,Web,USD 568,6.886865432808905,,20.6,5.7,41.49969465173592,60.92974217523848,$67.64
C0232,2023-08-27,South,App,"$1,528.90",5.741011309471508,2.68,21.9,11.6,68.90337356568507,68.52532437792274,USD 147
C0233,2024-12-17,North,Store,"USD 1,625",8.197843251272975,6.9,2.0,6.6%,86.3138866052904,75.44880200117657,20.00 $
C0234,10/11/2024,South,Web,"$4,112.49",19.254974612171683, 9.4 ,11.9,4.7,78.30787732285084,88.53757044296995,$91.41
C0235,2023-09-19,East,App,"USD 4,582",16.559714461547305,10.33,2.4,0.6,81.39642514329293,86.45737995512681,98.66 $
C0236,07-31-2024,South,Store,"$5,022.31",18.509479807591685,8.21,9.3%,5.8,87.84395126675629,83.95823678122055,USD 161
C0237,27-Oct-2024,North,App,"$1,048.09",10.542265706014733,2.29,30.3,10.8,59.46852905938788,51.89162655603374,$88.24
C0238,10-10-2023,South,Web,"$3,148.47",14.348939135811177,10.13,2.8,2.7,98.80059069873894,93.48683229771295,USD 84
C0239,12-13-2024,East,Web,"$5,187.06",19.281964416874196,10.86,0.0%,1.3%,82.5360461793594,100.0,$131.07
C0240,09-18-2024,East,App,$533.14,2.8295916476546408,2.45,24.4,4.3,27.439240305238027,64.14913075972999,USD 82
C0241,15/03/2024,North,Store,$707.72,2.0065539378254966,2.65,16.4,6.3%,35.94079717064214,67.73139323064188,92.38 $
C0242,13/08/2023,East,Store,"USD 2,492",11.683800062996008,7.32,6.2,6.9%,78.53546618004783,82.90450476076849,USD 99
C0243,29/06/2023,North,Web,$833.86,5.7676767512027345,3.22,15.9,9.0,56.470240503770356,51.46129112161351,$84.45
C0244,2023-09-11,East,App,"$1,283.59",5.873661106122794, 3.7 ,22.3%,9.4,48.48808834131077,66.99829199315752,$99.34
C0245,10-14-2024,East,Web,$429.79,4.6537345693407755,1.97,27.8%,9.8%,35.59637865437759,62.90946433297488,$62.79
C0246,2023-05-20,East,App,$668.13,4.521547869836755,2.69,17.8,8.5%,42.28211113549833,64.63961893109452,USD 67
C0247,16/09/2023,North,App,"$2,182.91",9.812059313324925,6.73,10.6,3.5,80.12418191745343,100.0,$96.70
C0248,"Dec 01, 2024",North,App,USD 615,3.25681603000399,4.34,17.6%,8.0,38.7816742341768,69.34262336957383,$29.63
C0249,"May 06, 2024",South,App,"USD 1,029",7.611568641921221,2.96,27.7%,8.4,60.72480409435618,65.70097511385023,110.54 $
C0250,09/08/2024,North,App,"$1,329.92",11.307851854547089, 1.5 ,32.3,10.9,48.41923013022609,75.46758378508773,$236.04
C0251,13/03/2023,West,Web,"$1,017.45",7.986539091542365,1.64,33.9%,15.3,56.67270153826947,68.2064641645488,$155.16
C0252,"Dec 04, 2023",North,Store,574.83 $,5.727611053145166,2.67,15.7,5.4,38.87734636603031,61.435671965702326,$64.68
C0253,20/07/2024,West,Store,"$1,804.70",10.883742091399808,6.53,9.8%,7.7,59.74246849697406,82.91445632556318,43.62 $
C0254,"Jul 12, 2023",West,Store,USD 962,8.740432179706655,1.65,23.3%,8.7,51.00257760599715,62.80572324695533,USD 162
C0255,09-29-2024,South,Store,$690.86,4.571668103992588,3.77,14.9%,6.8,41.66179794196047,77.11224809113702,USD 40
C0256,2024-12-06,West,Web,"USD 2,172",,6.84,13.9%,2.8%,78.60715479008762,82.80294755547965,USD 93
C0257,17/12/2023,South,App,$628.76,8.0466263557248,2.13,25.4%,7.1,29.67474838213799,62.910767784210215,USD 46
C0258,2023-10-17,North,Store,USD 679,3.6598385791342025,4.65,14.7%,6.1%,31.441731859894183,61.113735782130156,$37.39
C0259,2023-12-10,South,App,778.32 $,6.33966624213324,2.68,16.8,5.4%,36.568284817351234,66.78562454948143,USD 72
C0260,2023-06-03,West,Web,"$2,569.94",14.028887386513457,6.88,14.3%,2.4%,76.86128109864609,81.60332798168633,$104.26
C0261,02-28-2023,North,Store,"$2,573.08",11.302583959214713,4.99,10.1,6.5%,69.79213907757273,92.14146798786786,$144.30
C0262,2023-11-06,North,Web,"3,654.43 $",18.344940365524465,7.67,0.3,4.3%,77.8864368930794,100.0,$127.84
C0263,29/09/2023,West,App,"USD 2,274",11.216300320321434,7.08,10.5,7.4%,89.41564052624865,86.29873678730306,$107.86
C0264,"Jun 08, 2024",South,App,629.65 $,4.734769413950552,2.17,15.3,6.3%,50.312100208812105,47.77344544989117,66.20 $
C0265,"Apr 25, 2023",East,Store,"$4,709.70",16.881702229812976,7.98,0.8%,6.5,72.85747731967882,88.21160472976298,USD 166
C0266,07-16-2024,East,Store,439.72 $,6.832815515343095,5.73,12.7%,6.0,49.34422421832073,58.476657907404956,31.44 $
C0267,29/04/2023,West,Web,518.93 $,5.023312954933799,3.54,22.7,5.9,34.92032720245978,59.05384517866739,27.58 $
C0268,"Mar 21, 2023",South,Web,"USD 4,139",17.257017199339963,9.11,4.8%,2.2,95.81959818235136,89.7319254095726,112.36 $
C0269,11-05-2024,North,App,"$1,170.05",8.037066742970092,0.79,31.5,12.3,51.212053764252275,62.250884946913104,USD 383
C0270,2024-11-21,West,Store,,,6.45,7.3,5.0,73.04380374928152,82.25009545880124,$107.19
C0271,26/08/2023,North,Web,$606.69,2.83469332853599,1.43,18.0,4.9%,30.885386293499685,68.57349811133052,$120.22
C0272,2024-05-07,West,Store,"$2,316.86",10.032175950998317, 7.4 ,3.5%,4.5,78.1935441028397,76.09153940661439,91.05 $
C0273,03/06/2023,South,App,"$2,907.34",10.906705195636887,6.12,6.9,2.6%,81.15886002248371,73.97232254543356,USD 138
C0274,2023-02-15,South,App,"$4,767.06",20.906387901259638,9.3,12.7%,2.4%,81.94060785872162,97.01198710331931,$89.88
C0275,"Jun 13, 2023",North,Web,"USD 2,193",11.146065760216421,6.61,15.6,5.7,80.00914118815257,82.45617981087878,$64.02
C0276,03/09/2024,West,Store,$704.32,4.998136902414951,1.34,20.5,4.2,40.33965758950883,49.49730612995269,USD 117
C0277,2024-08-22,East,Store,"$4,418.44",15.756712877005489,9.56,0.0%,1.9,61.45068917458424,87.80152736177853,$104.43
C0278,12-10-2024,West,Store,"$1,604.31",4.978159054982322,2.25,19.1%,15.6,70.86413126894337,71.16491421657119,$202.51
C0279,2024-09-14,West,Web,USD 677,6.983389548659684,3.80,17.6,5.2%,68.72395563722901,63.89529256406094,$55.44
C0280,2024-09-03,East,Web,USD 627,3.534961806203733,4.29,18.0,7.3,49.60587958461821,57.10561438672487,USD 42
C0281,2024-02-17,North,App,"$1,952.10",9.45010810533186,7.24,7.9,4.6%,89.4180566633936,76.11744565583159,USD 97
C0282,2023-01-08,North,Store,USD 765,5.775409838158964,1.68,17.7%,4.5,47.64488631479067,58.69940740604588,USD 107
C0283,2024-06-16,South,Web,"USD 1,365",,2.82,17.3,10.1,53.907480239780796,79.55672002231223,95.82 $
C0284,2023-12-12,East,Web,"USD 1,374",5.955116567274464,2.58,20.6,15.4%,54.59683091669901,68.88405240349405,$186.93
C0285,2024-08-19,North,App,$493.03,7.838733587716327,2.81,14.5,5.9,44.51200931850142,69.04375760345266,$58.28
C0286,2024-03-06,North,App,"USD 3,591",14.859692021970908,,7.4%,3.3,90.88611986303037,94.4342917080485,USD 73
C0287,2023-09-08,West,Store,"$2,795.17",17.90817803139625,8.77,6.8,4.3,78.97928877212374,100.0,$85.74
C0288,2024-10-10,West,Web,"$3,841.03",15.955087247081824,9.18,10.0,5.3%,68.3123261737788,100.0,$95.70
C0289,2024-02-26,West,Web,"$1,093.57",7.622751887491645,0.72,31.6,10.9%,60.768432403877405,69.03743399443591,370.92 $
C0290,03/01/2024,North,Store,,4.083374509826127,2.62,27.0,13.8,58.61374255240985,83.00268820866543,$151.89
C0291,2023-07-16,East,Web,503.94 $,4.8557436969491565,3.2,20.2,6.4,42.20093404323603,62.34658274652373,$30.08
C0292,"Feb 26, 2023",South,Web,,6.233511337285989,2.78,17.4,7.1%,43.63621324705971,83.99257536912924,USD 61
C0293,"Mar 23, 2023",West,App,622.70 $,6.7425194574146605,2.94,23.6,4.8,43.988904684721575,60.70239663396533,37.86 $
C0294,2024-11-12,South,Store,"USD 2,762",18.290453637996393,8.83,4.5,1.9,97.51743025009209,84.07607690192681,$111.91
C0295,2023-02-09,East,Store,"$1,253.07",8.069527825898572,3.75,24.4%,11.0,83.04966411926074,74.43702116635802,$101.44
C0296,2024-11-25,North,Web,"$3,855.08",14.06085492711175,9.86,0.0%,4.3,68.25169426175164,86.67953442040192,$97.37
C0297,2023-01-27,West,Web,"$2,040.67",11.220653847441312,5.24,8.8%,6.7%,92.00829767917106,97.23280530414272,$105.65
C0298,2023-12-21,North,Store,"$1,466.22",7.475848222647486,3.95,25.0,11.6,42.80224711197932,65.0532926186154,$117.59
C0299,"Oct 23, 2023",East,Store,$646.18,6.6393246056639255, 2.2 ,20.4,7.4%,56.57530063155638,71.76116373497567,$64.69
C0300,"Feb 09, 2023",East,App,USD 743,,1.62,12.1,3.4,52.206981981429024,56.62773485713901,USD 102
C0301,11-10-2024,South,App,USD 695,3.698902578975008,1.30,19.6,9.5%,41.438980530834726,60.09716023140226,$69.09
C0302,"Sep 04, 2024",East,Web,USD 893,6.899433238263948, 1.9 ,30.8,16.3%,49.94821458195311,69.08909342507093,109.47 $
C0303,20/04/2024,North,Store,"USD 1,662",7.7479747599007505,2.07,30.3,12.5%,66.15145537831955,64.13882346660306,$203.17
C0304,06-25-2024,West,Store,"$2,822.10",10.982295398563581,,6.7%,9.7%,89.98026946198675,92.26463873716166,$130.53
C0305,05/01/2024,West,App,"$2,321.67",8.141854067084472,,13.7,0.0,68.99605237816483,83.27115454552333,$101.76
C0306,2024-12-10,South,Web,"$1,512.08",2.974643241341467,2.91,21.2,10.5,57.22608315397283,79.24311299561583,USD 111
C0307,2024-09-13,West,Web,"$4,134.24",17.016181876138376,9.56,9.5%,3.3,66.83974939145851,88.53784785635472,$108.50
C0308,2023-01-06,West,Store,"$2,674.86",11.41308100660445,5.59,12.5,4.3,65.03311404173856,82.06096609941928,$93.24
C0309,07-23-2023,North,Store,"$3,270.74",,9.38,0.4%,2.4,85.45359700168736,88.85135023810113,$94.81
C0310,"Nov 14, 2023",West,Web,$549.79,6.980360193575407,3.93,17.8,8.5,52.10734721113032,54.47067265344065,$65.26
C0311,2024-04-21,East,Store,"$1,698.55",13.557091427422455, 7.1 ,9.5%,0.0,76.96016348450793,81.89279263762045,USD 53
C0312,07-27-2023,South,App,"USD 1,201",7.735580768326251,0.59,23.5,12.0,49.06774442495097,68.27356918259666,$508.73
C0313,"Feb 22, 2024",North,Store,"$1,450.19",4.6835270373437385,2.1,34.9,11.2,73.40961415332023,70.47423135166424,$167.78
C0314,20/03/2023,North,Store,566.39 $,3.1118614137765124,3.51,21.3,7.7%,29.769801521179872,64.82823413778799,$41.84
C0315,04-11-2024,North,Web,"USD 2,604",,,19.0,4.1,66.40843448659885,77.54503591630528,$85.58
C0316,06-20-2024,East,Store,"$5,606.94",15.922994707741323,9.91,1.6,1.6%,70.42608384906512,89.55698331408539,USD 166
C0317,2024-06-29,West,App,"$1,236.29",9.044870329057018,4.24,24.5,12.5,57.464022675131524,63.47817876291086,49.33 $
C0318,2023-09-07,North,Web,"USD 1,360",7.237267626644794,3.78,24.9,9.5%,46.18888392752592,70.76802899750469,$79.10
C0319,2023-02-27,East,Store,751.24 $,5.307491648045437,3.64,11.7,3.2%,46.62548510162395,63.467728281226556,$47.69
C0320,2023-01-29,North,Store,$755.81,3.543752422658997,2.87,22.7,4.0%,46.44229330382323,61.1987941940198,$78.27
C0321,2023/12/05,North,App,515.17 $,6.855314906605505,2.94,15.5,7.8%,51.399047763576895,69.11759437793924,USD 65
C0322,2023-04-08,East,Store,$632.22,5.504343830396215,3.36,19.5%,6.2,40.81499503828676,61.49801231908487,$27.39
C0323,2023-04-27,West,Store,"$3,958.51",17.156927004717883, 8.5 ,0.0,2.2%,100.0,89.27297016315661,$103.32
C0324,"Aug 11, 2024",West,App,USD 534,2.3410812504768193,1.28,19.9,6.3%,45.3706624516078,66.83834825171182,USD 95
C0325,09-18-2024,North,Web,"USD 2,027",9.72433700571501, 7.5 ,13.2,2.0,74.79261754544474,84.827242138937,USD 52
C0326,"Mar 18, 2024",East,Store,$563.48,4.425444125336725,1.15,10.1%,4.3,56.81235061625421,66.03818381420878,USD 131
C0327,03-18-2023,South,Store,"1,309.31 $",7.4491198587237495,0.97,24.8%,10.5,71.05335207728241,64.14066072447355,USD 320
C0328,06-06-2023,North,Store,$699.71,3.344104196281953,4.88,17.6,6.3%,42.526300839116246,61.60881498727568,36.10 $
C0329,20/10/2024,West,Store,$355.59,2.922990332945293,2.62,17.4%,8.9,50.435665244453745,61.935592641246444,$20.00
C0330,23/05/2024,North,Web,USD 875,2.453650059176442,4.72,17.5,4.3%,46.23529791038607,62.80118905204348,$40.01
C0331,2023-06-23,South,App,USD 461,5.1455399831376205,1.63,19.0%,5.2,54.50797027607642,56.45426700666154,43.27 $
C0332,06/04/2023,East,App,"$2,220.04",,1.86,34.9,13.3%,70.53147769204492,70.00586623901867,USD 307
C0333,2024-01-29,West,App,"$4,338.93",15.29211020367848,9.6,0.0%,0.0,86.04214792677182,90.25458585928547,$148.75
C0334,2024-05-06,North,App,USD 397,8.90152351821143,0.5,24.4,5.1,25.755576180623365,57.23782256951986,$339.60
C0335,16/03/2024,East,App,"$2,418.92",10.756550765810667,7.28,12.4,2.8%,68.80382184731491,83.26901026845479,USD 77
C0336,"Apr 23, 2024",West,App,"4,180.36 $",15.346267089775768,9.41,5.5,2.2%,70.68654374313279,96.83234382816941,$90.95
C0337,09/06/2023,West,App,,5.818129714767179,1.83,20.9%,13.8,51.611990964059245,63.69902817774371,$141.53
C0338,"Jan 05, 2023",North,App,USD 699,2.9944970587671023,2.92,20.2%,2.9%,39.84268996289392,66.01004697251628,USD 79
C0339,2023-04-19,West,App,"$4,979.09",16.087058390395153,9.23,0.0%,5.1,90.56884543307821,98.9766076303208,$113.34
C0340,2024-01-09,North,App,"$3,159.86",14.485730031522579,9.01,0.1,2.6,79.0796079329829,91.06373809252906,USD 100
C0341,2024-06-17,South,App,$562.63,5.85753688830988, 2.5 ,13.4,3.1%,42.55757136847173,62.53748785789821,$84.46
C0342,2024-06-14,West,App,USD 893,6.550121639206704,4.68,25.7,9.9,46.19257657927556,82.56662302034744,69.70 $
C0343,09/03/2024,East,App,$315.35,4.448055980625608,4.42,8.7,7.9,49.94305704304009,72.19207545992921,$20.00
C0344,2024-07-07,North,App,USD 642,6.035132598802462,2.58,16.7,4.6,45.231982705840345,61.59143294521822,$55.15
C0345,"Dec 28, 2023",North,Store,"USD 2,331",12.839709187953474,5.52,7.2,3.7,86.8216064402565,95.08001208996635,$109.39
C0346,2024-05-30,East,Store,"1,371.12 $",6.351563476190199,2.57,23.6%,14.0,53.03654152451205,56.56550113749961,$131.08
C0347,02/02/2023,North,Store,"2,937.53 $",11.783950930300506,6.26,5.9,2.9%,98.55957704115943,90.90643750566737,USD 95
C0348,2024-10-08,West,Store,"USD 1,308",,3.06,22.9,10.3,67.65764665566827,69.94885885613064,USD 101
C0349,"Aug 12, 2024",East,Web,$629.40,3.8050623270422186,1.80,21.5%,3.5,65.18067772667197,53.749590122214485,74.32 $
C0350,07-06-2024,North,Web,"$1,310.73",2.428252835626834, 2.4 ,18.5,10.9%,66.25710898410983,73.39633224436781,141.32 $
C0351,09-20-2024,North,Web,USD 555,4.330054872482287,4.19,20.1%,8.4,48.8710940931861,64.59073004015214,$49.41
C0352,11-04-2024,North,App,"USD 4,639",16.175564104149498,8.59,0.7,3.4%,80.8353910717802,80.74576340645072,$147.58
C0353,2024-01-27,West,Store,"USD 2,811",11.339519533137121,5.46,6.8,3.6%,100.0,85.55610614727954,$160.06
C0354,10-30-2023,South,Store,"2,852.29 $",12.352078833327754, 5.8 ,7.3,5.0%,62.06923875326787,83.71949209613985,USD 96
C0355,19/01/2024,West,Web,$673.32,5.655795296944554,2.80,15.5,4.3,38.81673108034559,58.92824192816072,USD 50
C0356,2023-01-25,East,Store,"USD 1,709",12.118745481117239,5.73,2.4,2.1%,74.39370014888078,82.3228484825936,$78.34
C0357,02-Nov-2024,West,Web,"USD 3,086",11.254063762701364,6.16,0.0,3.4%,84.3256518856146,76.48134493077887,$94.18
C0358,2023-05-13,South,Web,"$1,302.84",9.671959721718622,1.99,31.5,9.5,55.48460144634871,75.48535420722997,$157.20
C0359,03/11/2024,South,Web,"$1,980.70",10.021696439019564,5.34,7.8,6.9%,75.38847902504433,85.57318494553904,USD 124
C0360,30/07/2023,North,App,$545.08,6.869619050183623,3.89,27.2%,10.1,29.92760067884814,67.31436328470402,USD 77
C0361,"Jan 24, 2024",East,Store,"USD 3,334",18.960700239690436,8.00,5.8,2.4,92.76291313827318,87.05655951957333,USD 96
C0362,"Jan 31, 2023",West,App,,3.889967843412192,4.5,20.4,8.5,52.94321499714761,51.074016811947736,USD 20
C0363,17/01/2023,South,Web,"$3,901.74",15.592186251434944,8.45,6.4,4.8%,85.13140914797505,74.70417803729407,$127.42
C0364,2023-03-20,East,Web,"$3,219.50",14.720665607299647,10.25,2.2%,5.4%,85.50284539873526,96.15311209406471,USD 60
C0365,"Mar 24, 2023",East,App,"$2,883.43",14.712899704361046,9.47,12.0,3.4,71.42620739340049,82.78515554950228,79.67 $
C0366,2024-01-14,South,Store,"1,743.35 $",6.491953364332856,4.61,23.7,10.1%,72.3982167588959,60.659523924539094,$83.44
C0367,"Apr 12, 2023",East,Store,USD 748,6.224079269240057,2.58,21.0%,8.3,53.43367237123092,56.14268972257863,$91.67
C0368,2023-07-04,West,App,"2,421.13 $",12.612261095400843,7.88,3.9,2.9,76.63428011889849,80.56651064361105,USD 84
C0369,2023-06-22,South,Store,"2,245.58 $",16.45504632889176,5.32,9.0,7.1,86.28881187032209,89.62802434170816,USD 131
C0370,07-28-2023,North,Web,"$1,572.35",9.828859927991132,1.24,25.8%,12.1%,67.57915372068116,59.63062569261431,$336.64
C0371,09-12-2024,East,App,"USD 2,535",13.634984680623747,5.52,12.8%,3.5,71.49431167057519,91.057367879341,$96.38
C0372,"Jun 25, 2024",North,App,"1,032.44 $",8.263878427900877,4.71,30.3%,10.2%,61.73055563390826,66.09559676926837,$41.99
C0373,2024-11-12,East,Store,$690.95,3.2839912693061577,4.66,16.7%,2.8,36.63449228313097,62.9449897552547,USD 20
C0374,15/09/2024,West,App,"$2,846.08",11.294158459911541,6.23,14.4,2.1%,76.29332642751447,88.03712829442503,USD 121
C0375,2023-06-07,North,Store,"USD 1,173",6.934065236920301,1.6,27.6,9.6%,45.99210814347669,67.7201971238868,USD 162
C0376,2024-09-21,North,Store,"$2,639.01",12.236051212596358,6.99,3.1%,1.7,81.00085854784479,76.1905697339192,$80.17
C0377,2023-01-26,North,App,$426.05,4.993637353623367,,19.6%,9.0%,40.041447832702445,70.76510252738184,USD 71
C0378,2023-09-28,West,App,"$4,950.25",13.256626275763779,8.28,9.8,0.4%,90.76870677340855,93.67881931080784,$174.43
C0379,03-23-2023,North,Store,"1,290.48 $",9.653559692812962,1.84,25.5,12.7%,74.49188117012534,69.61089096186798,$174.56
C0380,2024-06-02,South,Web,"3,656.43 $",,8.69,9.9,1.2,79.28100725589869,91.2100963433554,USD 105
C0381,2024-03-06,West,Store,"2,108.78 $",11.01346528028833,5.63,18.7,4.5,89.78275463516958,86.08631273290445,USD 98
C0382,2024-09-14,East,Store,"$2,804.49",17.696278291376164, 8.2 ,10.8,1.1,89.2345429914595,90.00128780990832,$73.33
C0383,"Apr 17, 2024",South,Web,"$4,314.04",, 9.0 ,4.8%,0.0,100.0,94.61921861205673,93.76 $
C0384,21/04/2023,South,Web,"USD 1,947",16.166505498467014, 10.6 ,5.6,3.4%,88.57488952384591,93.99850265393134,$44.59
C0385,"Oct 08, 2024",East,App,$672.81,4.305649375336116,1.08,20.4,6.4%,58.33289404100294,62.69821706388419,$156.19
C0386,2023-05-27,North,Web,"$2,516.13",10.111199419082915,5.46,9.5,4.2,81.57285420585069,88.67031108109461,$158.92
C0387,2024-11-24,East,Store,"$2,399.80",11.204602856139129,7.31,6.1,3.8,84.82542095120954,73.83393902498864,63.16 $
C0388,18/04/2024,West,App,"$1,478.52",4.802018336792507,3.88,31.1%,13.2,38.22582022256762,70.2231614164745,$79.38
C0389,07/08/2023,South,App,$552.21,3.4142077175789014,,21.0%,2.7,37.3443384837732,60.12396629882716,USD 46
C0390,"Jul 13, 2023",East,Web,606.71 $,1.4037835381240438,4.01,11.5,8.3,52.597111967363844,49.56153997184932,USD 40
C0391,2023-07-23,West,App,"USD 2,474",9.666069476613357,7.70,3.2%,1.0,85.65738048822153,75.4287082129539,91.19 $
C0392,2023-05-21,West,Web,"USD 1,570",6.857738956750683,3.13,27.1,11.1,51.01643944546943,61.48437985466108,USD 133
C0393,2024-12-08,West,Store,"$2,522.15",10.550694678241467,7.0,16.5,1.1%,94.6608721071367,78.29178811304502,USD 74
C0394,26/09/2023,South,Web,"USD 3,787",18.458804876178913,10.36,8.1,5.2%,91.60757751551157,93.63659213820382,$68.55
C0395,2024-10-10,North,App,"$1,819.44",12.142218948224308,6.42,15.3,5.8%,73.89789455598874,65.14476275347103,41.95 $
C0396,"Jan 12, 2023",West,Store,"$2,407.49",11.994617995857226,6.48,0.0,5.2%,75.49103757444333,73.47579717604249,USD 107
C0397,2024-03-17,West,Web,"$2,520.94",15.634849129733842,9.05,3.3%,4.3%,96.90524403539771,93.36396596727327,USD 71
C0398,2023-11-16,West,Store,"USD 2,787",11.208180355953226,4.4,17.6,3.0%,86.83436937188246,80.53373550389556,USD 180
C0399,2024-10-02,West,App,USD 742,3.9108974864733606,0.5,19.6,4.0,54.86596114166369,64.67608658361726,$734.32
C0400,2023-02-04,West,App,"3,036.40 $",12.64747617795079,6.29,11.5,5.8,76.20226501932036,71.38517000938516,USD 154
C0401,2024-09-28,North,Store,"USD 4,225",15.384793013585341,7.92,6.0,1.6,92.36408558908654,92.89185232589166,173.15 $
C0402,28/06/2023,South,Store,"$3,799.27",19.05194845946635,,6.8,6.8%,91.0600199248892,92.01969427901986,$74.07
C0403,2023-05-26,East,Store,"$1,327.94",5.171982115173505,1.56,31.5%,10.9,52.34557099573475,65.7497629666109,191.03 $
C0404,08/06/2023,South,App,714.78 $,7.655221799949386,1.05,22.2,5.8%,59.048832401149824,57.65584854384758,USD 187
C0405,30/08/2023,West,App,"1,340.39 $",6.8015853481785395,3.08,27.4,9.8%,64.79556422856157,80.0694811101579,USD 118
C0406,29/08/2023,East,App,611.97 $,5.0065658851745605,2.26,19.4%,7.2%,36.3456388888301,60.47196308078625,USD 90
C0407,2023-09-06,West,App,"$2,593.02",10.602360997410806,7.47,13.1%,4.0%,79.74433207769842,87.28769254779901,$98.28
C0408,"Apr 02, 2023",North,Store,"USD 1,202",9.633506778894287, 2.5 ,27.6%,14.8%,68.7983768883424,55.544312017487584,USD 123
C0409,"Jan 26, 2024",North,Store,"USD 1,713",9.938070479583697,5.81,13.2%,5.9,82.41325622151814,84.31677955044638,59.15 $
C0410,2023-12-10,South,App,"$2,668.87",12.158526159356171,6.89,10.3%,4.4%,85.45826500224496,79.90079949884688,USD 113
C0411,31/10/2023,North,App,"$2,244.55",14.858370998501414,8.85,2.3,5.0,73.75796497810695,98.89818672593319,USD 81
C0412,"May 17, 2024",South,Store,$480.83,3.0406846759417805,2.34,18.2,7.5,52.67710381891939,69.95903611528739,$73.01
C0413,"Mar 28, 2023",East,App,"USD 1,564",5.730142524638084,3.58,28.5%,9.4%,63.05200989550007,69.99986245391582,94.40 $
C0414,2023-09-05,South,App,USD 655,6.506061254447507,3.48,15.1%,2.8,44.3425766352021,69.20581478088417,USD 46
C0415,"Jul 07, 2024",South,Store,322.72 $,5.429180792190698,3.51,8.5,4.9%,59.76566688094532,47.51232163825024,$54.00
C0416,2024-11-07,East,Web,660.78 $,5.973158081011299,3.71,25.7,3.9%,28.03614481543335,48.607679935955446,$50.52
C0417,01-07-2023,East,App,"4,574.87 $",17.484484899955405,10.24,8.6%,4.0,82.05727368727297,87.83567874185448,$130.93
C0418,09-19-2024,West,Store,"$1,169.60",8.740273681863075,2.38,30.2,8.7,65.50810534239457,62.148247495499916,USD 148
C0419,2024-07-12,West,Web,"USD 5,363",19.68365093425883,10.81,10.9%,2.4,100.0,81.91531084734474,$119.35
C0420,2023-08-12,East,Web,739.14 $,6.212656675507996,2.96,8.8,4.9,53.91189188867292,67.1602447960604,$46.23
C0421,09/11/2024,North,Web,"$1,049.07",4.396656567549552,4.02,28.4,12.9,56.315611523330084,75.21673732789381,$85.98
C0422,01-29-2023,North,App,"$2,258.57",12.650271496181787,,5.0,6.8%,78.99373112567488,87.98072254046959,114.04 $
C0423,2024-09-21,South,App,"$2,395.92",12.14053382947574,7.47,12.1,4.0,77.03483991272907,82.62967906636597,$86.57
C0424,14/07/2024,East,Store,"$1,209.92",8.799224015567674,2.69,25.4,13.0%,47.92412209489147,89.23677145801936,$100.24
C0425,17/02/2024,North,Store,"USD 2,189",9.563080525642091, 5.6 ,15.3,1.9,95.2751367932311,88.68934554193875,USD 96
C0426,"Jun 25, 2023",South,App,"$2,304.17",8.971775941086511,5.13,11.3%,0.1,62.959285085229794,73.62517727151433,USD 112
C0427,2023-08-01,South,App,870.54 $,5.045194496322897,4.73,18.6,3.8%,39.2700131500136,57.29587319271762,USD 54
C0428,31/08/2023,East,Web,"$2,679.16",11.241139135715162,6.07,6.3%,3.1%,68.79431808391331,78.21314900334941,USD 159
C0429,28/02/2024,South,App,"$1,292.28",7.478803204894101,2.41,24.7%,12.6,58.746947618630394,70.96008526159245,$155.25
C0430,2024-02-27,East,App,$542.28,3.445935555230901,2.41,18.7%,4.8,34.916672536672266,56.52198609730506,USD 58
C0431,09-26-2024,South,Web,426.09 $,4.397898637627905,3.53,16.0,5.6,35.297411326000606,62.79640350555581,$26.71
C0432,2024-12-30,East,Store,"USD 2,825",11.74895892071654,5.33,11.0,5.5,88.65009479946322,92.0713187361653,USD 150
C0433,"Nov 19, 2024",West,App,"2,684.60 $",11.143345861971845,6.8,5.3%,4.5%,73.36717684623149,82.78367690786982,$131.88
C0434,2023-08-07,West,App,"USD 3,712",,7.78,3.4,2.5%,69.97462078727409,85.17298372307735,USD 119
C0435,12-18-2024,East,Web,"USD 1,320",8.987765109983224,2.8,34.6,9.2%,70.40850117540893,66.5712401848467,$136.75
C0436,09/12/2023,North,Store,"$1,391.79",9.629878373430204,2.0,32.5%,12.7,61.58218632471141,63.70840411732047,$179.92
C0437,26/06/2024,West,App,"$4,434.81",14.649293512140568,9.91,3.8,3.5,81.6230326963789,87.47943022584057,USD 99
C0438,2024/04/03,North,App,USD 519,4.678803338389716, 1.8 ,13.4,6.4%,47.67555250241608,67.06934422681607,$81.04
C0439,09/12/2023,East,Web,707.62 $,1.3054755802941038,3.13,20.9,8.3,58.21860893934236,69.27223899103271,93.74 $
C0440,05-13-2024,West,Store,"$2,537.53",7.178612957487852,5.73,15.1,2.7,87.71419324938093,88.30105307007261,$133.82
C0441,2023-06-20,West,Store,$671.75,3.5221443810583457,4.65,17.0,4.4,49.50633776386803,52.39933132015943,USD 77
C0442,"Jun 04, 2023",South,Store,"$1,088.77",7.79440329699116,2.8,25.8%,11.5,62.77044229104046,64.81478482968434,$97.40
C0443,2023-03-29,West,Store,"$1,235.94",6.394972454667409,,28.9,13.0,61.08777751283948,68.48326814897554,$77.39
C0444,2024-03-10,North,Store,USD 742,5.195244643527848, 2.5 ,17.0,4.3%,36.73574103339814,62.58474349681335,USD 68
C0445,08-26-2024,West,App,"$1,315.51",7.315868060363421,,27.4,13.4%,57.00716145198634,72.59637918622461,USD 168
C0446,2024-02-02,East,Web,"USD 1,382",8.545482765886977,1.82,29.0%,12.8%,57.54973735995703,74.92333714886117,$198.32
C0447,"Feb 15, 2024",South,Web,"$2,590.74",15.852242726428017,5.02,11.0,4.0%,78.56672076455635,70.554255433328,$131.85
C0448,2024-04-25,South,App,"USD 3,415",19.918497284748163,8.99,3.0,3.7%,73.88623169435863,82.9205451481339,USD 107
C0449,23/10/2024,West,App,"$2,517.89",14.689757546708796,7.30,12.2%,2.6,100.0,87.80091252543299,USD 106
C0450,25/03/2023,North,Web,$577.99,5.031609004734031,0.95,17.6,4.0,37.42169190798267,59.42864662368415,USD 143
C0451,2024-03-23,East,Web,USD 709,7.787008614423913,2.27,17.2%,5.3,39.9025000186485,65.7688701766203,$91.80
C0452,"Apr 03, 2023",North,Web,"USD 5,102",16.721341113163785,10.07,5.0%,3.9%,100.0,86.38064110953879,$134.26
C0453,2024-05-15,North,Store,,9.358443040958635,4.46,18.0,4.6%,47.765481370357136,58.72674435674305,28.25 $
C0454,13/12/2024,East,Web,$939.33,6.2666704063200855,1.57,31.3%,12.9%,68.13187371110249,68.41284288128622,$161.84
C0455,2024-10-01,North,Web,,8.129778130461375,7.58,4.4,3.4%,81.14529327437495,85.41251303839752,$66.86
C0456,"Aug 22, 2024",North,Store,"2,318.60 $",10.277288576011603, 8.0 ,8.8,2.6%,71.19606541235788,78.24016713132171,$72.34
C0457,2024-10-19,West,App,"$1,004.56",7.9793602279305205,1.12,26.7%,14.2,69.98844548287903,73.90109649071867,USD 213
C0458,2024-08-27,West,Store,"USD 3,181",16.10044936461386,9.1,6.2,3.7,86.19360287417474,85.60808002712754,$98.15
C0459,2024-09-07,West,Web,$652.61,5.800135703358373,3.89,22.2%,7.4,60.33947580118403,53.10360179778393,$47.01
C0460,11-12-2024,East,App,$605.29,5.718019663746101,2.72,27.3,10.1%,41.00128631382557,69.64473857154,$73.66
C0461,2023-07-04,East,Web,"USD 1,437",7.3994524427514206,2.05,32.3,12.5,69.79212661865616,59.62681383877585,$161.06
C0462,2024-12-02,East,App,"USD 1,940",12.066593447340605, 7.5 ,10.7%,5.9,71.63875178912365,75.84339706092624,USD 92
C0463,03/07/2024,South,Store,"2,277.69 $",12.791929398617937,7.15,21.8,0.0,66.46027512167096,90.19834062233683,$95.25
C0464,2023-10-15,South,App,"$3,744.48",19.828757106283994,10.17,6.7,3.9,100.0,83.44600427076365,USD 70
C0465,05/11/2024,East,App,USD 698,6.267848801577623,3.76,17.2,4.9%,49.560145784664066,47.89037005840963,USD 20
C0466,2024-07-04,North,Store,"1,309.39 $",5.118856314856343,3.18,27.6%,8.8%,33.82362981747393,80.95769499382155,$109.19
C0467,12-18-2024,North,Web,"USD 3,471",19.25064494678424,7.83,3.1,3.0%,79.22128446862263,86.16159011551734,USD 100
C0468,2024/04/13,East,App,"$1,308.91",8.648760584821895,1.62,25.5,10.7%,42.188595774714706,67.93709833204223,173.73 $
C0469,2024-12-26,West,App,"$1,363.81",5.624774210206595, 2.6 ,33.2,14.8%,66.88644880332724,65.74600563798354,$154.69
C0470,2024-02-13,South,Store,"1,521.53 $",7.614548160271702,2.99,24.3%,11.5,61.13455318254021,71.6457459746614,$138.27
C0471,29/11/2024,North,Web,"$4,804.33",15.618153243657039,10.18,4.5%,2.3%,100.0,82.35149637066476,98.22 $
C0472,10/05/2024,North,Web,$950.82,4.275234937781522, 2.0 ,18.9%,7.5,57.78800417158652,56.185798037405924,$157.28
C0473,"Aug 27, 2024",East,Store,"1,126.68 $",7.871822962994127, 2.5 ,26.2,12.4,81.65887856663358,78.34977029879849,USD 101
C0474,08-22-2023,North,Web,"$3,425.06",13.92915802765991,8.06,0.0,0.1%,85.6919287392784,84.4420684402863,USD 99
C0475,2024-09-04,North,Web,"USD 3,096",15.407723923810284,9.84,0.1%,0.7,92.13554324372238,83.39344141193453,$59.68
C0476,"Sep 21, 2024",West,App,"$3,772.98",16.285829919414283,10.07,6.5%,1.6,83.74503052088322,100.0,USD 89
C0477,2023-10-15,East,Store,"$3,822.30",17.30380211330626,8.06,3.9%,5.3%,86.52679132873145,100.0,USD 123
C0478,2023-10-25,North,Web,USD 507,6.859976809798964,4.44,19.5%,6.1,42.83075928319689,65.67813459299632,$50.52
C0479,2024-05-11,South,Web,"USD 2,423",11.287102678635033,6.37,5.3,8.1%,70.10797222988265,77.52505637793581,USD 124
C0480,04-19-2023,South,App,"USD 2,181",11.014228180753312,7.30,22.5%,5.1%,79.5998759583186,88.8322047038235,USD 76
C0481,2024-12-21,West,App,"$4,590.60",14.557676697281545,10.21,2.7,2.1%,75.98148811455687,82.4092287015697,$98.91
C0482,09/01/2023,South,Web,"USD 2,315",10.00631825168629, 7.0 ,11.6,4.8,67.29199042572253,78.08677573701652,USD 56
C0483,2023/08/05,West,App,USD 758,4.384825156690018,2.29,18.5%,5.3,40.79068263497741,64.26003799392241,$93.36
C0484,04-11-2024,East,Store,$451.88,6.357727612881744,3.2,13.1,7.6,57.62388616993164,50.62046576990788,USD 46
C0485,22-Aug-2024,East,App,,11.95944795302761,7.62,11.1,2.5%,74.09591866282747,85.91617791280724,$49.38
C0486,19/06/2023,East,Store,"USD 3,037",16.97908080748127,10.79,10.8,2.4,85.47763313480354,96.21365819470057,USD 83
C0487,"Apr 10, 2024",West,Web,$552.89,5.933993763433477,,19.1,10.1,35.94924564998059,59.65118217566349,$33.36
C0488,2024-11-28,North,App,$631.64,6.079146842100526, 4.5 ,12.5,5.4%,64.67088006262017,59.48655793661548,$20.00
C0489,"Apr 27, 2023",North,App,"$2,321.18",11.388280646479316,6.81,13.3,3.6,85.82866093430943,91.56559366128705,56.74 $
C0490,23/05/2023,East,App,"$1,018.05",8.775092046604055, 1.9 ,25.0%,12.2,80.94776958975152,59.879868260016636,$134.59
C0491,2023-07-02,South,App,"USD 2,321",10.830242906998425,6.92,8.8,4.0,82.79509092652563,83.4730484958799,USD 78
C0492,08-19-2023,North,App,"4,268.79 $",,8.33,2.6,1.0%,100.0,94.09410057870473,USD 167
C0493,2024-03-08,South,Web,$627.32,,2.50,15.1%,5.4,18.880913254712794,78.81293898390568,USD 55
C0494,19/12/2024,West,Store,,7.516614573626544,3.19,31.4,13.0,68.91460772513456,75.80482240132437,$101.24
C0495,"Aug 22, 2024",East,Web,,4.875021066669213,1.16,24.8,13.1%,52.764935220595106,66.16280087390342,349.61 $
C0496,01-15-2024,North,Web,"$5,101.02",18.289835080848913,9.62,0.6,3.5%,87.97337670047706,98.11745640464888,145.48 $
C0497,2024-03-31,North,Web,"USD 4,688",17.47218210976684,8.49,9.3%,0.0,94.4795064004542,84.56571966064496,USD 110
C0498,2024-11-04,North,Store,,4.7693736704918175, 3.0 ,16.1%,5.2,43.98731484818242,63.524063056030776,USD 65
C0499,"Nov 29, 2024",North,Web,"$4,876.82",14.054476383487886, 9.6 ,9.4%,2.2%,90.58896917802144,85.92336159827067,$101.94
C0500,"Jul 24, 2024",West,Store,"USD 1,519",5.929517530974451, 3.2 ,32.0,14.4%,58.49510155093059,71.59911862053012,$104.40
C0501,2024-08-05,North,Store,"$2,863.66",9.291841223327753,,17.7,4.6%,89.82961147915248,94.5109920152982,USD 124
C0502,28/03/2023,North,Store,$597.66,6.374737660748552,,18.1,7.1,36.838554731611566,68.53455452053572,$20.00
C0503,08-14-2023,West,App,,3.995008670757083,,22.3,7.3%,48.49567264148175,64.58485863532182,USD 54
C0504,"Jun 07, 2023",South,Web,"$1,249.59",8.285711496320959,2.82,30.5,9.7,73.77220202945931,63.589586572081245,$91.30
C0505,13/08/2024,South,App,$578.49,7.476128317543647,2.45,15.8%,3.3,57.8488081619067,59.412017368356025,$51.01
C0506,10-10-2023,East,App,"2,163.46 $",11.609338060485701,7.39,14.9,2.5,79.91168225137068,94.44321079539313,$85.56
C0507,02-14-2023,East,Web,$660.07,5.195796600110849,5.54,11.6,6.5,52.10743821394928,63.19887974224756,USD 31
C0508,"Oct 05, 2024",West,App,$898.65,5.183522921258821,1.17,25.1%,11.0%,62.01081779258199,75.19081901908599,176.64 $
C0509,2024/11/02,North,Web,"USD 2,756",8.396637205052075,7.29,10.6,4.2%,82.07149382367831,90.2242809466276,USD 101
C0510,01/09/2023,South,Web,USD 702,6.053638225232137,2.20,11.6,9.9%,36.98118076656225,54.80948901546424,$101.67
C0511,28/11/2024,South,Store,"2,976.44 $",10.187962463345116,6.17,4.1,8.2%,79.71901948393032,89.4342450460891,$89.90
C0512,05-Dec-2023,North,App,"$2,139.64",12.263189622686866,8.01,17.5,4.1,65.82098899553411,87.21922488649275,$59.58
C0513,21/08/2023,North,Store,"$1,729.39",8.245641958102311,2.46,30.5,11.6,54.31980985112643,64.58515633884132,USD 173
C0514,17/12/2023,North,App,"$1,795.13",10.341711709179034,7.16,6.9,2.1,96.5833442539715,80.8489238757899,$98.95
C0515,"Jan 08, 2024",North,Store,"$1,521.48",6.028137287918353,1.78,28.7%,12.0%,66.19126704760046,65.1393904910552,USD 202
C0516,2023-08-26,East,Store,"USD 1,100",7.594956181249392,2.16,22.3,13.8,56.22574878143027,52.68724707366348,$112.93
C0517,2024-04-12,East,Store,"$3,718.53",17.427778585003807, 8.4 ,3.6%,3.8,78.7474193605496,100.0,USD 60
C0518,2024-07-28,West,Store,"USD 1,384",10.232941984820684,3.18,33.2,13.4%,56.490931447441156,55.74271997212156,USD 104
C0519,2024-09-07,North,App,"$2,021.11",12.683929902474155,6.12,5.7,4.2%,77.80029097672043,76.07181816362944,64.04 $
C0520,2023-02-10,East,Web,"1,347.76 $",6.982265331180688,5.83,8.2,5.7,62.165327442015915,86.15491074192526,$65.27
C0521,2023-10-12,North,Web,"USD 2,072",10.672014174680758,6.02,7.9%,3.1,85.69528651082085,82.63150630722555,$83.26
C0522,14/06/2023,North,App,"USD 4,422",14.615044322664446,9.15,5.5,1.9,83.27593143158124,84.7157368685459,USD 145
C0523,01/10/2024,East,Web,$538.47,3.502878406023175,3.28,18.9,4.5,38.31840130661353,64.20634356726323,USD 20
C0524,25/08/2024,East,Store,"USD 2,187",11.48797358893086,4.74,12.6,2.9,87.79464098302296,90.35697031256774,USD 101
C0525,2023-07-25,North,Web,"USD 1,244",8.842355859188888,3.49,25.4,12.4,52.57193051378107,61.89404083218513,$76.59
C0526,25/03/2024,West,Store,,9.71324122291146, 6.3 ,15.6%,4.9%,74.60570595665841,96.45471163210301,$69.84
C0527,2023-05-28,South,Web,999.46 $,7.827695671079423,2.27,35.3,13.8%,63.6560177403041,57.758863934843006,104.91 $
C0528,2024-01-09,East,Store,"2,104.70 $",10.674619745488512, 4.8 ,10.6%,2.1%,63.981576309218724,77.18357898609602,126.22 $
C0529,"Dec 11, 2024",South,App,"USD 3,312",10.239184440203923,6.05,4.9,6.3,84.76479911222263,89.22530866174068,USD 146
C0530,09-27-2023,West,Store,"USD 1,259",8.711612129621404,2.74,25.6%,12.7,38.96144372581474,69.01598216653389,USD 102
C0531,2023-06-25,West,App,"$3,250.99",13.11973352186722,7.11,6.6,1.2,74.63909497607595,79.26988267271842,$119.04
C0532,"Apr 06, 2023",North,Web,"$1,385.31",7.671269222399674,0.99,31.3,12.4%,50.83629224889888,67.58580216973233,345.27 $
C0533,2023-09-16,East,Store,"1,565.37 $",7.096447175593073,2.04,34.4%,11.7%,58.17853190894253,60.78473550140055,$216.03
C0534,30/11/2023,East,App,USD 572,,1.75,16.0,3.5%,42.006302394581894,67.24617673615309,$71.89
C0535,08/05/2024,East,Store,"USD 3,120",12.392861872903884, 4.9 ,16.0,0.7,63.347771023345146,85.49341445267383,$190.53
C0536,21/12/2024,North,Store,"$3,950.61",17.26100038865219,10.34,5.3%,2.2,83.7746700636745,90.85190038326942,$104.79
C0537,08-30-2023,East,Store,"USD 4,746",20.714575785436033,9.46,0.0%,1.8,91.84042288953914,87.47710551410592,USD 148
C0538,10/03/2024,East,Web,"4,549.53 $",16.192800827641502,8.46,3.3,0.8,88.21021585162208,85.0684133013158,134.00 $
C0539,2024-12-19,South,App,653.82 $,7.293227840944765,2.35,16.3,6.9,48.24686972141274,64.03197605762942,USD 85
C0540,02-25-2024,North,Web,"3,792.50 $",18.665663803935267,5.49,6.4,2.5%,82.9901745405803,89.758845326202,USD 170
C0541,2024-02-06,South,Web,"USD 3,737",17.60367238364818,8.47,3.0%,4.0,89.83269133867195,86.01596325122368,USD 94
C0542,23/12/2024,North,Web,"USD 4,652",17.842553972917514,8.7,1.3,2.8%,86.24685180426738,85.50989105578661,USD 138
C0543,2024-12-05,West,App,"$1,214.00",8.148377091723951,1.76,26.0%,11.1%,57.09708098481454,73.45987855980799,182.58 $
C0544,"Oct 08, 2024",West,App,"$1,063.00",7.476963818387262, 2.0 ,32.6,15.7,54.70862560459385,69.08595592294255,148.47 $
C0545,2023-05-20,East,App,"USD 1,402",7.4611689454078105,0.61,27.4,10.9%,51.19748909867937,67.84029030711089,$542.83
C0546,2024-12-30,West,App,"$1,431.77",6.762556240662422,2.55,29.1%,12.0%,80.56032538789488,63.65025315524494,USD 151
C0547,2024-08-01,East,Store,"$5,469.90",16.82713641620334,8.20,0.0%,5.1,80.79155632874921,91.21427974106881,USD 180
C0548,2024/11/27,East,Web,"$2,957.97",9.542212645769258,6.18,10.0,0.8,73.46676122883085,89.98073932582523,USD 159
C0549,10-20-2023,North,App,,4.48077196156593,2.38,17.0,5.1,36.63365826390815,60.234249084267844,USD 64
C0550,2024-05-02,West,App,$672.31,4.642560689514564,3.05,9.1,9.9,44.92139302631578,50.743901156524025,USD 76
C0551,2024-09-06,North,App,"$5,105.09",17.903759359994815,8.00,2.0%,3.8,100.0,86.87786507274123,USD 187
C0552,"Aug 11, 2023",East,Store,"USD 1,605",5.479308350071897,2.3,18.6%,11.3,65.96262843118001,59.25630333339967,USD 144
C0553,2024-08-30,East,Store,520.23 $,4.869356694336699,4.9,12.7,7.9,50.363899955577786,64.49389426658992,$24.89
C0554,03/04/2024,West,App,"USD 4,268",19.299862447065788,8.84,5.7,4.8%,71.68197439058355,75.44136321092438,$148.33
C0555,2024-12-05,West,App,"USD 2,214",11.116238537918539,7.29,9.6,2.9%,69.1335005387155,73.5001881892095,27.41 $
C0556,12/09/2023,North,App,"USD 1,872",5.926891677503342,1.36,36.4%,10.5%,54.51872261964997,74.8122554147535,$364.92
C0557,09/09/2023,West,Store,"$2,001.86",9.930820582034407,6.06,12.9,3.5%,89.07023638933433,86.05194043820556,$90.21
C0558,"Aug 14, 2024",North,Web,$494.29,6.60032270934802,2.89,21.5,7.4,40.08328497519924,57.47077721118594,$65.36
C0559,2023-02-03,West,App,434.12 $,6.585730812431623,1.63,18.1,2.0,56.52610784114357,65.17345978250115,$60.02
C0560,2023-04-11,West,App,,6.264842430713617,3.30,12.4%,7.6,49.14913996960038,51.41459901640234,$20.00
C0561,2023-05-08,North,App,USD 540,8.116540021203917,4.33,10.8,5.7%,79.08999986604702,62.55287682955958,$47.14
C0562,04/12/2023,South,Web,$529.74,5.628378481454041,3.52,21.1%,7.9,34.80454412604865,56.0410869824565,54.62 $
C0563,2023-10-06,East,App,$503.86,9.182672099001554,2.72,17.1,6.9,50.53072204144213,52.72929665162428,USD 34
C0564,2024-09-05,North,Store,"$4,295.96",19.570686714921628,8.96,5.0,1.3,80.96903639168801,98.41654010655478,$132.84
C0565,2024-12-03,East,App,"USD 3,141",14.133152809811309,6.73,6.5,1.9,100.0,100.0,104.91 $
C0566,2023-11-28,North,Web,$518.31,8.381199047675342,3.85,22.1%,5.4%,35.138994822146664,60.15091927223743,$57.42
C0567,"Feb 21, 2024",North,App,"$1,467.04",5.823710686110046,2.68,24.1,10.0,63.41350541319492,59.023969093307905,USD 168
C0568,2024-03-14,South,App,"1,174.23 $",5.208991513906832,3.5,30.8%,12.2,75.24993638487244,68.67583779448856,USD 80
C0569,2023-10-19,North,Store,"2,589.06 $",12.48230915930507,6.46,11.5,4.2%,95.7169613653749,85.88385596767371,$124.64
C0570,"Mar 13, 2023",North,App,$435.04,3.196947315608989,3.45,13.6%,8.3,41.27142227402721,48.995881779578795,35.29 $
C0571,"Sep 28, 2024",North,Store,"USD 2,704",9.284712044193792,6.60,3.6,0.9%,77.25196830322732,87.73863244385316,USD 92
C0572,2023-07-28,West,App,"$4,625.33",17.422468030696585,7.5,7.0%,2.4,99.93571048945651,78.977981945962,USD 168
C0573,16/06/2024,South,Store,"USD 3,517",10.352497378011217,6.22,9.6,3.8%,88.08654729327681,80.04987191404453,USD 126
C0574,11-27-2024,East,App,"$3,023.83",10.058930027612604,5.89,12.6,5.0%,67.67547769914398,81.36988937074584,$100.58
C0575,04-21-2024,East,App,"USD 3,668",16.25272534931272,8.05,5.1,4.7,90.51672192608832,100.0,$116.08
C0576,"Apr 24, 2024",North,App,USD 531,6.546033724350519,2.75,19.4%,3.1%,37.484655756343436,62.72048346772573,USD 41
C0577,2024-05-28,North,Web,$998.55,4.866965609958106,3.78,28.8,10.5,61.53698560038207,74.29989160451409,$50.72
C0578,09-24-2023,North,Web,"2,998.79 $",7.216700327420558,8.35,9.5%,6.3,71.87178084795563,87.42045370052486,$111.75
C0579,2024-05-19,West,App,"USD 3,646",15.769146691013686,9.79,0.7%,4.4,88.36927145595008,88.37171491781389,USD 79
C0580,2024-01-13,East,App,"$2,666.80",10.207124023858073,7.73,6.5%,2.4%,77.34284944431802,81.14798312009175,$63.02
C0581,2024-07-24,North,Web,"1,149.40 $",8.16398026677106,,23.3%,13.5%,47.58012859303658,63.08227036354086,USD 80
C0582,19/07/2024,South,App,"$3,066.76",9.239538870226877,6.88,9.9%,5.0%,72.20881449142865,92.7565544981419,USD 125
C0583,"Mar 07, 2024",East,App,"USD 3,675",16.91411211663502,9.71,9.7,3.2%,94.7723187529903,100.0,USD 91
C0584,2024/07/28,West,Store,"$2,342.85",18.00943914987016,9.56,14.0,0.3,91.24669194659576,93.05409152159072,$75.53
C0585,2023-02-07,West,Store,"1,312.72 $",7.458379935439817,2.77,25.0%,10.3,57.0191175751838,61.43295069789809,$99.54
C0586,08-27-2024,East,App,"3,366.07 $",13.887862451282569,7.98,8.1%,2.4,94.90991056641677,94.34236967319585,$128.76
C0587,2024-12-02,North,Store,"1,502.73 $",6.266470315600748,1.52,33.0,15.0%,49.378769190341046,71.72973952763407,USD 256
C0588,"Jul 31, 2023",North,Web,,14.986449613603464,9.98,5.0,4.2,69.86640075882171,96.92662925131408,$108.63
C0589,02-28-2024,West,Web,"USD 4,363",17.278870223673106,8.06,2.1,4.0%,91.23630495525836,98.18235715308255,123.55 $
C0590,"Jun 23, 2023",East,App,$580.52,3.9217482450842134,0.77,21.5,4.2,36.04079993559976,62.95867411305866,$165.74
C0591,08/02/2024,West,Store,"$4,168.97",18.05054119053614,8.53,9.8,5.9,94.58512677736137,87.63111676092812,USD 136
C0592,11/04/2024,West,Web,"$2,873.65",11.709975356288515,5.28,8.7,4.1,65.46375615199575,73.74354034852513,USD 137
C0593,2024-10-24,East,App,"USD 2,606",9.301663400097217,5.24,13.9%,4.2,59.38968456487922,72.28909345150943,$125.01
C0594,2024-01-20,West,Store,USD 444,4.457191781915551,5.25,10.4,9.2,35.600856171911815,53.15674330231649,$37.07
C0595,"Apr 03, 2024",South,App,"5,005.80 $",20.281953065718636,9.32,0.0,0.7,86.2320320828784,96.56224562239385,USD 141
C0596,"Feb 17, 2024",West,App,"$1,413.09",12.39329246991563,6.50,9.7,4.7,74.40427409084039,75.97976945103927,USD 20
C0597,"Nov 02, 2024",West,App,"USD 1,264",3.9923317627971167, 2.4 ,29.9%,11.1%,61.54350232175458,62.458749276780054,$120.81
C0598,"Jun 06, 2023",East,App,647.10 $,5.152180245691738,3.95,25.3%,7.2,54.459215383271236,64.47824836567133,$20.00
C0599,2023-05-17,East,App,"USD 1,921",10.71073072687672,4.95,11.4%,7.0,79.57158273960363,79.07363011317605,$118.81
C0600,08-21-2023,West,Store,"USD 2,758",10.62792175585428,7.59,0.5,5.1%,69.79939742820291,86.6099101144966,$75.05
C0601,2023-10-09,East,Web,453.74 $,1.0,2.75,23.9,9.5%,60.23461632924509,48.548874447466964,USD 40
C0602,2024-07-02,West,Web,$391.06,6.034146476497762,3.17,23.7,8.4,45.77325282105802,50.533393313561106,USD 42
C0603,"Mar 10, 2023",West,App,"USD 1,572",3.6720754562895874,2.19,23.4%,12.4,62.23226877808882,70.10220640264701,USD 188
C0604,2023-09-19,North,Web,"USD 4,111",17.280578129530387,8.86,0.6%,2.3%,89.36738539455422,81.74081171505898,$96.68
C0605,03-07-2023,East,Web,USD 614,3.0484738384167236,4.57,20.3,3.9%,47.64213280776775,64.68224732955412,$53.93
C0606,06/07/2024,West,Store,USD 555,5.444957959675406,1.75,23.5,6.4%,35.909293032449945,64.8785453768117,$93.12
C0607,29-Sep-2023,East,Web,"$1,573.09",9.094061219531353,6.39,10.7,1.4%,88.37965438761442,86.97586902928906,USD 25
C0608,2023-02-04,East,App,USD 397,8.481080043765207,4.6,12.1%,6.7,54.873242620704104,51.75077309232502,$20.00
C0609,28/05/2024,East,App,,8.716085959135011,3.49,29.5%,11.6,47.08919432015314,55.340011680128384,$76.01
C0610,2024-11-25,East,Store,"$1,941.87",9.36083216115497,5.89,8.9,6.7%,77.24094397201684,90.80693881540405,$81.50
C0611,2023-09-12,West,App,"$1,488.04",5.497473412781249,,32.2%,9.1,45.04557120857778,77.6649026937175,USD 590
C0612,2023-06-01,West,Store,"USD 4,492",18.505653578084452,8.61,0.1,4.7,85.50985885595043,85.48859856049037,USD 141
C0613,2024-04-20,North,App,"USD 2,502",20.37812960725859,8.82,0.0,3.9,100.0,97.4941909850899,$76.62
C0614,"Dec 16, 2023",East,App,"$2,022.40",18.968959788978857,9.12,5.5,0.0,100.0,84.71040043962502,$69.58
C0615,2023-01-01,North,Store,"4,271.92 $",17.678186587478915,7.72,15.6,1.7,100.0,97.22570570605619,$106.99
C0616,11-03-2024,East,App,"USD 1,327",6.632572873859536, 3.4 ,24.3,13.0%,64.92249129087357,75.48372308062274,USD 79
C0617,2023-04-08,North,Store,"$2,843.80",6.826962127947895,4.48,0.7%,2.7,64.04221447533196,80.16731316807873,$151.44
C0618,07-05-2023,West,Store,532.55 $,4.531390829043744,1.10,14.7%,5.3,38.635792789841695,75.08436674412924,$67.75
C0619,2023-09-26,West,Web,USD 680,5.4202778640392,1.15,13.0,6.7,44.98989488008311,69.0680409549009,USD 157
C0620,2023-06-15,North,Store,"1,442.20 $",5.605243560229477,2.11,32.7%,10.9,61.51848254901367,48.94057542626318,$152.41
C0621,2024-03-03,East,Web,"$3,994.16",16.90668119863689,8.03,4.1,4.3,77.30332721750177,79.44614806391328,142.35 $
C0622,2024/12/20,South,Store,"$2,067.16",10.363717041738793,5.97,12.1%,5.4%,69.67554699195549,87.73123281497307,USD 92
C0623,15/06/2024,North,Web,USD 628,1.8414616448625045,2.48,20.5%,3.3%,35.83079800118931,61.097821685972164,$54.59
C0624,"Oct 22, 2024",South,Web,$649.45,7.281221465709702,3.85,19.0,8.6%,28.890367387872335,69.54350722326681,USD 43
C0625,12-14-2023,North,App,"$1,282.07",7.655776395160413,1.77,23.4,12.7%,72.78884262635668,75.63839060244965,202.15 $
C0626,2024-01-24,South,App,$551.12,8.147086680282504,2.49,23.1%,7.5%,35.94931421288484,64.83681946976264,$82.04
C0627,2023-09-25,North,App,USD 716,2.5435998277379617,2.46,18.1,7.4,57.238418975848084,57.48981035181431,73.38 $
C0628,2023-02-14,West,Store,"USD 2,122",9.379705108357872,6.11,11.5,0.0,91.9132402838519,82.33530897736382,USD 107
C0629,2024-05-05,West,App,$947.75,4.060000186533575,4.13,24.9,11.9%,43.887534210087466,64.07932398267678,62.14 $
C0630,17/03/2024,East,Web,"$3,393.82",16.555232058764783,8.68,10.3,1.7%,75.07936861202609,92.57459744323951,USD 79
C0631,2023-01-22,North,App,$554.71,4.25400516226129,3.62,10.5%,8.0,57.90919730940119,63.411332600702416,39.56 $
C0632,2023-07-03,East,App,"$1,383.79",7.480725021841819,1.89,32.5%,11.2%,67.56597605153534,60.8995115477953,$189.35
C0633,2023-01-10,East,Web,"$1,226.02",,2.61,32.9%,10.2,55.68624111005214,55.38621588005755,USD 150
C0634,06/06/2023,East,Web,,12.29205260805563,6.16,11.1%,1.1,65.12766979292101,92.08891505123034,$95.68
C0635,05-28-2024,North,App,"USD 1,478",9.622164927717108,1.70,28.7,10.3,40.77586657334339,60.84751094767525,$216.25
C0636,2024-11-11,South,Store,"$3,794.27",17.301736607760898,11.22,7.4,5.0,100.0,80.051972780512,59.47 $
C0637,05-30-2024,North,Web,714.56 $,2.922829342840272,2.3,22.2,4.3%,47.36810922759706,67.64737886227311,63.97 $
C0638,2024-03-28,West,App,"2,578.84 $",10.731100814872255,5.52,18.7%,2.8,75.28752537489385,83.12118204164092,USD 113
C0639,"Oct 24, 2024",West,Store,$595.97,6.634575693616803,1.92,17.8%,3.5,43.45811765681955,63.581718574837666,$60.69
C0640,"Nov 21, 2023",West,Store,"$2,902.27",10.71341474308873,6.81,5.5,5.2%,82.1625755514082,72.41790542599415,102.98 $
C0641,10/11/2023,West,App,"USD 3,262",18.24040836524817,9.32,11.8%,0.3,97.6299981882173,71.03130262496616,$61.12
C0642,"Feb 15, 2023",North,App,"$4,754.09",16.10560453937165,9.07,4.7,4.4,80.70011723399261,97.05548559055076,$126.87
C0643,27/12/2023,East,Store,"USD 2,617",9.644921241240013, 5.9 ,7.3,4.5,79.91317908744038,68.70652139525333,$68.60
C0644,09-29-2023,North,App,"USD 2,588",9.619412286330515,6.87,11.1,1.8,89.56334957254498,92.18387736691663,USD 105
C0645,"Jan 15, 2024",West,Store,"$1,410.53",8.580646902605169,1.66,16.4,9.9,64.50651067028898,62.22357662567816,$240.89
C0646,2024-09-22,West,Store,"$1,898.08",10.902009199736396,7.25,5.9,10.9%,90.17142529979768,80.95934717251455,75.06 $
C0647,2023-04-18,North,App,$741.24,5.3103548087653305,4.68,17.7,7.8,51.11161771780057,70.23158280976502,$32.92
C0648,2023-08-09,West,Web,$957.53,8.391415719755667,2.81,24.4,13.4%,67.32945195052787,65.01355655459984,$95.02
C0649,02/05/2023,West,Store,"$4,247.19",16.694905735528227,8.05,9.7%,2.7%,78.69555743887223,69.58966622907408,$131.33
C0650,2023-08-24,South,Web,"4,191.89 $",16.582102209618583,9.40,9.4%,2.1%,90.94269272173116,86.09690676606536,$127.06
C0651,2023-09-01,East,Store,"USD 4,418",17.004930326282068,8.39,6.0,4.4,87.18791549396087,85.9326948200273,$154.90
C0652,03-19-2024,North,Store,"$1,998.89",10.620637457916045,7.63,15.4,5.4,65.87641976937078,81.30911202722079,$91.37
C0653,"May 01, 2024",East,App,$686.41,4.543029600490922, 3.4 ,20.2,4.4,55.12902579230712,59.50055762466782,64.54 $
C0654,04/07/2023,West,Store,838.41 $,4.10247870927105, 3.7 ,13.9,9.8,32.048039419251296,59.81073964742251,$46.65
C0655,"Jul 19, 2023",North,Store,"$2,559.87",12.85559723719696, 6.8 ,8.0%,4.6%,73.07861580330851,88.6086164955247,$105.48
C0656,11/02/2024,East,Store,"$3,880.46",16.503009930192285,9.25,7.5%,2.1,93.66369450009934,94.27192876750611,USD 106
C0657,2024-07-18,West,Web,,7.198388005770635, 2.3 ,25.2%,5.3%,30.235699922582448,66.53461339275951,$63.57
C0658,2024/07/15,North,Store,"$4,019.12",18.110953116235603,7.83,0.4%,5.4%,93.12286200030228,88.5211287517889,USD 158
C0659,14/09/2023,South,Store,"USD 1,130",7.474853238911897,2.72,34.6,13.2,62.95680239351734,72.50122850528244,123.04 $
C0660,2023-07-29,West,Web,$545.93,5.421348312657168,1.43,10.5%,6.6,48.95669379133976,59.38853787212295,$79.36
C0574,11-27-2024,East,App,"$3,023.83",10.058930027612604,5.89,12.6,5.0,67.67547769914398,81.36988937074584,USD 101
C0519,2024-09-07,North,App,"$2,021.11",12.683929902474155,6.12,5.7,4.2%,77.80029097672043,76.07181816362944,$64.04
C0067,11/11/2024,East,Web,571.16 $,6.956769386167336,0.5,19.2,2.0%,44.961298201578316,71.27181481416066,552.94 $
C0495,"Aug 22, 2024",East,Web,,4.875021066669213,1.16,24.8%,13.1,52.764935220595106,66.16280087390342,$349.61
C0033,2023-04-17,East,App,"$1,592.30",9.387083278472023,,30.7,14.6,66.76491726429839,61.38505511382947,USD 299
C0430,2024-02-27,East,App,$542.28,3.445935555230901,2.41,18.7,4.8,34.916672536672266,56.52198609730506,$58.09
C0214,"Dec 11, 2024",East,App,"$1,547.27",6.661871991561306,3.41,22.8%,12.5%,56.19053665431998,55.908754838318785,130.92 $
C0506,10-10-2023,East,App,"$2,163.46",11.609338060485701,7.39,14.9,2.5%,79.91168225137068,94.44321079539313,$85.56
C0621,2024-03-03,East,Web,"USD 3,994",16.90668119863689,8.03,4.1,4.3,77.30332721750177,79.44614806391328,USD 142
